INSERT INTO `cinestar`.`pelicula`  VALUES ('1', 'Arthur Fleck adora hacer reír a la gente, pero su carrera como comediante es un fracaso. El repudio social, la marginación y una serie de trágicos acontecimientos lo conducen por el sendero de la locura y, finalmente, cae en el mundo del crimen.', 'Drama', 'joker.jpg', 'Joker');
INSERT INTO `cinestar`.`pelicula`  VALUES ('2', 'La joven Maléfica crece para proteger su pacífico reino de los invasores, pero una terrible traición transforma su corazón puro en una piedra y la convierte en una criatura en busca de venganza.', 'Fantasía', 'malefica.jpg', 'Maléfica');
INSERT INTO `cinestar`.`pelicula`  VALUES ('3', 'Los Vengadores restantes deben encontrar una manera de recuperar a sus aliados para un enfrentamiento épico con Thanos, el malvado que diezmó el planeta y el universo.', 'Acción', 'avengersEndgame.jpg', 'Avengers: Endgame');
INSERT INTO `cinestar`.`pelicula`  VALUES ('4', 'David Dunn busca mantenerse un paso por delante de la ley mientras imparte justicia en las calles de Filadelfia. Sus talentos especiales pronto lo colocan en un curso de colisión con la Bestia, un loco psicótico que tiene una fuerza sobrehumana y 23 personalidades distintas. ', 'Terror', 'glass.jpg', 'Glass');
INSERT INTO `cinestar`.`pelicula`  VALUES ('5', 'Una guerrera extraterrestre de la civilización Kree se encuentra atrapada en medio de una batalla. Con la ayuda de Nick Fury trata de descubrir los secretos de su pasado mientras aprovecha sus poderes para terminar la guerra', 'Acción', 'capitanaMarvel.jpg', 'Capitana Marvel');
INSERT INTO `cinestar`.`pelicula`  VALUES ('6', 'Un joven une fuerzas con el detective Pikachu para desentrañar el misterio detrás de la desaparición de su padre. El dúo dinámico descubre una trama tortuosa querepresenta una amenaza para el universo Pokémon.', 'Fantasía', 'pikachuDetective.jpg', 'Pokemon: Detective Pikachu');
INSERT INTO `cinestar`.`pelicula`  VALUES ('7', 'Después de mudarse a una ciudad nueva, Karen le regala a su hijo Andy un muñeco que se convierte en el mejor amigo del niño. Lo que ellos desconocían es que el muñeco es un sermaligno que tiene vida propia. Andy deberá aliarse con otros niños vecinos para detener a esta diabólica criatura que está provocando muertes en la ciudad.', 'Terror', 'munecoDiabolico.jpg', 'Muñeco Diabólico');
INSERT INTO `cinestar`.`pelicula`  VALUES ('8', 'El dueño de un circo en aprietos contrata a un hombre y sus dos hijos para cuidar de un elefante recién nacido que puede volar, que pronto se convierte en la atracción principal que revitaliza al circo.', 'Fantasía', 'dumbo.jpg', 'Dumbo');
INSERT INTO `cinestar`.`pelicula`  VALUES ('9', 'Tree Gelbman vuelve a entrar en el bucle temporal para averiguar por qué entró la primera vez. Sin embargo, Lori ha resucitado y pretende vengarse de Tree.', 'Terror', 'felizMuerte2.jpg', 'Feliz dia de tu muerte 2');
INSERT INTO `cinestar`.`pelicula`  VALUES ('10', 'Alita es un cyborg que se despierta en la clínica de un médico sin recordar quién es. La cyborg deberá usar sus extraordinarias habilidades para combatir contra enemigos terribles, mientras trata de descubrir la verdad sobre su pasado.', 'Acción', 'alita.jpg', 'Alita: Ángel de combate');

INSERT INTO `cinestar`.`sede`  VALUES ('1', 'Calle Tiziano 100 Alt. Cuadra 24 de la Av. Aviación', 'aviacion.jpg', 'Aviación');
INSERT INTO `cinestar`.`sede`  VALUES ('2', 'Avenida Alfredo Benavides Nº 4981 Santiago de Surco', 'benavides.jpg', 'Benavides');
INSERT INTO `cinestar`.`sede`  VALUES ('3', 'Av. Guardia Civil con Av. Guardia Peruana - Chorrillos', 'chorrillos.jpg', 'Chorrillos');


INSERT INTO `cinestar`.`sala`  VALUES ('1', '1', '1');
INSERT INTO `cinestar`.`sala`  VALUES ('2', '2', '1');
INSERT INTO `cinestar`.`sala`  VALUES ('3', '3', '1');
INSERT INTO `cinestar`.`sala`  VALUES ('4', '1', '2');
INSERT INTO `cinestar`.`sala`  VALUES ('5', '2', '2');
INSERT INTO `cinestar`.`sala`  VALUES ('6', '3', '2');
INSERT INTO `cinestar`.`sala`  VALUES ('7', '1', '3');
INSERT INTO `cinestar`.`sala`  VALUES ('8', '2', '3');
INSERT INTO `cinestar`.`sala`  VALUES ('9', '3', '3');




INSERT INTO `cinestar`.`funcion`  VALUES ('1', '22/09/2020', '14:15','6','Normal','1','1');
INSERT INTO `cinestar`.`funcion`  VALUES ('2', '22/09/2020', '17:15','6','Normal','2','1');
INSERT INTO `cinestar`.`funcion`  VALUES ('3', '22/09/2020', '20:15','6','Normal','3','1');
INSERT INTO `cinestar`.`funcion`  VALUES ('4', '22/09/2020', '17:15','6','3D','1','2');
INSERT INTO `cinestar`.`funcion`  VALUES ('5', '22/09/2020', '20:15','6','Normal','2','2');
INSERT INTO `cinestar`.`funcion`  VALUES ('6', '22/09/2020', '18:15','6','Normal','3','3');
INSERT INTO `cinestar`.`funcion`  VALUES ('7', '23/09/2020', '14:15','5','3D','7','3');
INSERT INTO `cinestar`.`funcion`  VALUES ('8', '23/09/2020', '14:15','5','Normal','1','3');
INSERT INTO `cinestar`.`funcion`  VALUES ('9', '23/09/2020', '14:15','5','Normal','1','1');
INSERT INTO `cinestar`.`funcion`  VALUES ('10', '23/09/2020', '14:15','5','3D','2','1');
INSERT INTO `cinestar`.`funcion`  VALUES ('11', '23/09/2020', '14:15','5','Normal','3','1');


INSERT INTO `cinestar`.`funcion`  VALUES ('12', '22/09/2020', '14:15','6','3D','3','4');
INSERT INTO `cinestar`.`funcion`  VALUES ('13', '22/09/2020', '18:15','6','3D','4','4');
INSERT INTO `cinestar`.`funcion`  VALUES ('14', '22/09/2020', '21:15','6','Normal','5','5');
INSERT INTO `cinestar`.`funcion`  VALUES ('15', '22/09/2020', '15:15','5','Normal','4','5');
INSERT INTO `cinestar`.`funcion`  VALUES ('16', '23/09/2020', '18:15','5','Normal','1','5');
INSERT INTO `cinestar`.`funcion`  VALUES ('17', '24/09/2020', '16:15','6','Normal','2','6');
INSERT INTO `cinestar`.`funcion`  VALUES ('18', '24/09/2020', '20:15','6','Normal','3','6');
INSERT INTO `cinestar`.`funcion`  VALUES ('19', '25/09/2020', '18:45','8','3D','3','6');
INSERT INTO `cinestar`.`funcion`  VALUES ('20', '26/09/2020', '18:45','10','3D','5','6');

INSERT INTO `cinestar`.`funcion`  VALUES ('21', '22/09/2020', '14:15','6','Normal','1','7');
INSERT INTO `cinestar`.`funcion`  VALUES ('22', '23/09/2020', '15:15','5','Normal','2','7');
INSERT INTO `cinestar`.`funcion`  VALUES ('23', '24/09/2020', '14:15','6','3D','3','7');
INSERT INTO `cinestar`.`funcion`  VALUES ('24', '25/09/2020', '16:15','8','Normal','3','8');
INSERT INTO `cinestar`.`funcion`  VALUES ('25', '26/09/2020', '14:45','10','3D','4','8');
INSERT INTO `cinestar`.`funcion`  VALUES ('26', '27/09/2020', '14:15','10','Normal','10','9');
INSERT INTO `cinestar`.`funcion`  VALUES ('27', '28/09/2020', '14:15','10','3D','9','9');
INSERT INTO `cinestar`.`funcion`  VALUES ('28', '28/09/2020', '20:15','10','Normal','10','9');

INSERT INTO `cinestar`.`asiento`(id,id_columna,id_fila,id_funcion,id_pago) VALUES (1,1,'A',1,NULL);
INSERT INTO `cinestar`.`asiento`(id,id_columna,id_fila,id_funcion,id_pago) VALUES (2,1,'B',1,NULL);
INSERT INTO `cinestar`.`asiento`(id,id_columna,id_fila,id_funcion,id_pago) VALUES (3,1,'C',1,NULL);
INSERT INTO `cinestar`.`asiento`(id,id_columna,id_fila,id_funcion,id_pago) VALUES (4,1,'D',1,NULL);
INSERT INTO `cinestar`.`asiento`(id,id_columna,id_fila,id_funcion,id_pago) VALUES (5,1,'E',1,NULL);
INSERT INTO `cinestar`.`asiento`(id,id_columna,id_fila,id_funcion,id_pago) VALUES (6,1,'F',1,NULL);
INSERT INTO `cinestar`.`asiento`(id,id_columna,id_fila,id_funcion,id_pago) VALUES (7,2,'A',1,NULL);
INSERT INTO `cinestar`.`asiento`(id,id_columna,id_fila,id_funcion,id_pago) VALUES (8,2,'B',1,NULL);
INSERT INTO `cinestar`.`asiento`(id,id_columna,id_fila,id_funcion,id_pago) VALUES (9,2,'C',1,NULL);
INSERT INTO `cinestar`.`asiento`(id,id_columna,id_fila,id_funcion,id_pago) VALUES (10,2,'D',1,NULL);
INSERT INTO `cinestar`.`asiento`(id,id_columna,id_fila,id_funcion,id_pago) VALUES (11,2,'E',1,NULL);
INSERT INTO `cinestar`.`asiento`(id,id_columna,id_fila,id_funcion,id_pago) VALUES (12,2,'F',1,NULL);
INSERT INTO `cinestar`.`asiento`(id,id_columna,id_fila,id_funcion,id_pago) VALUES (13,3,'A',1,NULL);
INSERT INTO `cinestar`.`asiento`(id,id_columna,id_fila,id_funcion,id_pago) VALUES (14,3,'B',1,NULL);
INSERT INTO `cinestar`.`asiento`(id,id_columna,id_fila,id_funcion,id_pago) VALUES (15,3,'C',1,NULL);
INSERT INTO `cinestar`.`asiento`(id,id_columna,id_fila,id_funcion,id_pago) VALUES (16,3,'D',1,NULL);
INSERT INTO `cinestar`.`asiento`(id,id_columna,id_fila,id_funcion,id_pago) VALUES (17,3,'E',1,NULL);
INSERT INTO `cinestar`.`asiento`(id,id_columna,id_fila,id_funcion,id_pago) VALUES (18,3,'F',1,NULL);
INSERT INTO `cinestar`.`asiento`(id,id_columna,id_fila,id_funcion,id_pago) VALUES (19,4,'A',1,NULL);
INSERT INTO `cinestar`.`asiento`(id,id_columna,id_fila,id_funcion,id_pago) VALUES (20,4,'B',1,NULL);
INSERT INTO `cinestar`.`asiento`(id,id_columna,id_fila,id_funcion,id_pago) VALUES (21,4,'C',1,NULL);
INSERT INTO `cinestar`.`asiento`(id,id_columna,id_fila,id_funcion,id_pago) VALUES (22,4,'D',1,NULL);
INSERT INTO `cinestar`.`asiento`(id,id_columna,id_fila,id_funcion,id_pago) VALUES (23,4,'E',1,NULL);
INSERT INTO `cinestar`.`asiento`(id,id_columna,id_fila,id_funcion,id_pago) VALUES (24,4,'F',1,NULL);
INSERT INTO `cinestar`.`asiento`(id,id_columna,id_fila,id_funcion,id_pago) VALUES (25,5,'A',1,NULL);
INSERT INTO `cinestar`.`asiento`(id,id_columna,id_fila,id_funcion,id_pago) VALUES (26,5,'B',1,NULL);
INSERT INTO `cinestar`.`asiento`(id,id_columna,id_fila,id_funcion,id_pago) VALUES (27,5,'C',1,NULL);
INSERT INTO `cinestar`.`asiento`(id,id_columna,id_fila,id_funcion,id_pago) VALUES (28,5,'D',1,NULL);
INSERT INTO `cinestar`.`asiento`(id,id_columna,id_fila,id_funcion,id_pago) VALUES (29,5,'E',1,NULL);
INSERT INTO `cinestar`.`asiento`(id,id_columna,id_fila,id_funcion,id_pago) VALUES (30,5,'F',1,NULL);
INSERT INTO `cinestar`.`asiento`(id,id_columna,id_fila,id_funcion,id_pago) VALUES (31,1,'A',2,NULL);
INSERT INTO `cinestar`.`asiento`(id,id_columna,id_fila,id_funcion,id_pago) VALUES (32,1,'B',2,NULL);
INSERT INTO `cinestar`.`asiento`(id,id_columna,id_fila,id_funcion,id_pago) VALUES (33,1,'C',2,NULL);
INSERT INTO `cinestar`.`asiento`(id,id_columna,id_fila,id_funcion,id_pago) VALUES (34,1,'D',2,NULL);
INSERT INTO `cinestar`.`asiento`(id,id_columna,id_fila,id_funcion,id_pago) VALUES (35,1,'E',2,NULL);
INSERT INTO `cinestar`.`asiento`(id,id_columna,id_fila,id_funcion,id_pago) VALUES (36,1,'F',2,NULL);
INSERT INTO `cinestar`.`asiento`(id,id_columna,id_fila,id_funcion,id_pago) VALUES (37,2,'A',2,NULL);
INSERT INTO `cinestar`.`asiento`(id,id_columna,id_fila,id_funcion,id_pago) VALUES (38,2,'B',2,NULL);
INSERT INTO `cinestar`.`asiento`(id,id_columna,id_fila,id_funcion,id_pago) VALUES (39,2,'C',2,NULL);
INSERT INTO `cinestar`.`asiento`(id,id_columna,id_fila,id_funcion,id_pago) VALUES (40,2,'D',2,NULL);
INSERT INTO `cinestar`.`asiento`(id,id_columna,id_fila,id_funcion,id_pago) VALUES (41,2,'E',2,NULL);
INSERT INTO `cinestar`.`asiento`(id,id_columna,id_fila,id_funcion,id_pago) VALUES (42,2,'F',2,NULL);
INSERT INTO `cinestar`.`asiento`(id,id_columna,id_fila,id_funcion,id_pago) VALUES (43,3,'A',2,NULL);
INSERT INTO `cinestar`.`asiento`(id,id_columna,id_fila,id_funcion,id_pago) VALUES (44,3,'B',2,NULL);
INSERT INTO `cinestar`.`asiento`(id,id_columna,id_fila,id_funcion,id_pago) VALUES (45,3,'C',2,NULL);
INSERT INTO `cinestar`.`asiento`(id,id_columna,id_fila,id_funcion,id_pago) VALUES (46,3,'D',2,NULL);
INSERT INTO `cinestar`.`asiento`(id,id_columna,id_fila,id_funcion,id_pago) VALUES (47,3,'E',2,NULL);
INSERT INTO `cinestar`.`asiento`(id,id_columna,id_fila,id_funcion,id_pago) VALUES (48,3,'F',2,NULL);
INSERT INTO `cinestar`.`asiento`(id,id_columna,id_fila,id_funcion,id_pago) VALUES (49,4,'A',2,NULL);
INSERT INTO `cinestar`.`asiento`(id,id_columna,id_fila,id_funcion,id_pago) VALUES (50,4,'B',2,NULL);
INSERT INTO `cinestar`.`asiento`(id,id_columna,id_fila,id_funcion,id_pago) VALUES (51,4,'C',2,NULL);
INSERT INTO `cinestar`.`asiento`(id,id_columna,id_fila,id_funcion,id_pago) VALUES (52,4,'D',2,NULL);
INSERT INTO `cinestar`.`asiento`(id,id_columna,id_fila,id_funcion,id_pago) VALUES (53,4,'E',2,NULL);
INSERT INTO `cinestar`.`asiento`(id,id_columna,id_fila,id_funcion,id_pago) VALUES (54,4,'F',2,NULL);
INSERT INTO `cinestar`.`asiento`(id,id_columna,id_fila,id_funcion,id_pago) VALUES (55,5,'A',2,NULL);
INSERT INTO `cinestar`.`asiento`(id,id_columna,id_fila,id_funcion,id_pago) VALUES (56,5,'B',2,NULL);
INSERT INTO `cinestar`.`asiento`(id,id_columna,id_fila,id_funcion,id_pago) VALUES (57,5,'C',2,NULL);
INSERT INTO `cinestar`.`asiento`(id,id_columna,id_fila,id_funcion,id_pago) VALUES (58,5,'D',2,NULL);
INSERT INTO `cinestar`.`asiento`(id,id_columna,id_fila,id_funcion,id_pago) VALUES (59,5,'E',2,NULL);
INSERT INTO `cinestar`.`asiento`(id,id_columna,id_fila,id_funcion,id_pago) VALUES (60,5,'F',2,NULL);
INSERT INTO `cinestar`.`asiento`(id,id_columna,id_fila,id_funcion,id_pago) VALUES (61,1,'A',3,NULL);
INSERT INTO `cinestar`.`asiento`(id,id_columna,id_fila,id_funcion,id_pago) VALUES (62,1,'B',3,NULL);
INSERT INTO `cinestar`.`asiento`(id,id_columna,id_fila,id_funcion,id_pago) VALUES (63,1,'C',3,NULL);
INSERT INTO `cinestar`.`asiento`(id,id_columna,id_fila,id_funcion,id_pago) VALUES (64,1,'D',3,NULL);
INSERT INTO `cinestar`.`asiento`(id,id_columna,id_fila,id_funcion,id_pago) VALUES (65,1,'E',3,NULL);
INSERT INTO `cinestar`.`asiento`(id,id_columna,id_fila,id_funcion,id_pago) VALUES (66,1,'F',3,NULL);
INSERT INTO `cinestar`.`asiento`(id,id_columna,id_fila,id_funcion,id_pago) VALUES (67,2,'A',3,NULL);
INSERT INTO `cinestar`.`asiento`(id,id_columna,id_fila,id_funcion,id_pago) VALUES (68,2,'B',3,NULL);
INSERT INTO `cinestar`.`asiento`(id,id_columna,id_fila,id_funcion,id_pago) VALUES (69,2,'C',3,NULL);
INSERT INTO `cinestar`.`asiento`(id,id_columna,id_fila,id_funcion,id_pago) VALUES (70,2,'D',3,NULL);
INSERT INTO `cinestar`.`asiento`(id,id_columna,id_fila,id_funcion,id_pago) VALUES (71,2,'E',3,NULL);
INSERT INTO `cinestar`.`asiento`(id,id_columna,id_fila,id_funcion,id_pago) VALUES (72,2,'F',3,NULL);
INSERT INTO `cinestar`.`asiento`(id,id_columna,id_fila,id_funcion,id_pago) VALUES (73,3,'A',3,NULL);
INSERT INTO `cinestar`.`asiento`(id,id_columna,id_fila,id_funcion,id_pago) VALUES (74,3,'B',3,NULL);
INSERT INTO `cinestar`.`asiento`(id,id_columna,id_fila,id_funcion,id_pago) VALUES (75,3,'C',3,NULL);
INSERT INTO `cinestar`.`asiento`(id,id_columna,id_fila,id_funcion,id_pago) VALUES (76,3,'D',3,NULL);
INSERT INTO `cinestar`.`asiento`(id,id_columna,id_fila,id_funcion,id_pago) VALUES (77,3,'E',3,NULL);
INSERT INTO `cinestar`.`asiento`(id,id_columna,id_fila,id_funcion,id_pago) VALUES (78,3,'F',3,NULL);
INSERT INTO `cinestar`.`asiento`(id,id_columna,id_fila,id_funcion,id_pago) VALUES (79,4,'A',3,NULL);
INSERT INTO `cinestar`.`asiento`(id,id_columna,id_fila,id_funcion,id_pago) VALUES (80,4,'B',3,NULL);
INSERT INTO `cinestar`.`asiento`(id,id_columna,id_fila,id_funcion,id_pago) VALUES (81,4,'C',3,NULL);
INSERT INTO `cinestar`.`asiento`(id,id_columna,id_fila,id_funcion,id_pago) VALUES (82,4,'D',3,NULL);
INSERT INTO `cinestar`.`asiento`(id,id_columna,id_fila,id_funcion,id_pago) VALUES (83,4,'E',3,NULL);
INSERT INTO `cinestar`.`asiento`(id,id_columna,id_fila,id_funcion,id_pago) VALUES (84,4,'F',3,NULL);
INSERT INTO `cinestar`.`asiento`(id,id_columna,id_fila,id_funcion,id_pago) VALUES (85,5,'A',3,NULL);
INSERT INTO `cinestar`.`asiento`(id,id_columna,id_fila,id_funcion,id_pago) VALUES (86,5,'B',3,NULL);
INSERT INTO `cinestar`.`asiento`(id,id_columna,id_fila,id_funcion,id_pago) VALUES (87,5,'C',3,NULL);
INSERT INTO `cinestar`.`asiento`(id,id_columna,id_fila,id_funcion,id_pago) VALUES (88,5,'D',3,NULL);
INSERT INTO `cinestar`.`asiento`(id,id_columna,id_fila,id_funcion,id_pago) VALUES (89,5,'E',3,NULL);
INSERT INTO `cinestar`.`asiento`(id,id_columna,id_fila,id_funcion,id_pago) VALUES (90,5,'F',3,NULL);
INSERT INTO `cinestar`.`asiento`(id,id_columna,id_fila,id_funcion,id_pago) VALUES (91,1,'A',4,NULL);
INSERT INTO `cinestar`.`asiento`(id,id_columna,id_fila,id_funcion,id_pago) VALUES (92,1,'B',4,NULL);
INSERT INTO `cinestar`.`asiento`(id,id_columna,id_fila,id_funcion,id_pago) VALUES (93,1,'C',4,NULL);
INSERT INTO `cinestar`.`asiento`(id,id_columna,id_fila,id_funcion,id_pago) VALUES (94,1,'D',4,NULL);
INSERT INTO `cinestar`.`asiento`(id,id_columna,id_fila,id_funcion,id_pago) VALUES (95,1,'E',4,NULL);
INSERT INTO `cinestar`.`asiento`(id,id_columna,id_fila,id_funcion,id_pago) VALUES (96,1,'F',4,NULL);
INSERT INTO `cinestar`.`asiento`(id,id_columna,id_fila,id_funcion,id_pago) VALUES (97,2,'A',4,NULL);
INSERT INTO `cinestar`.`asiento`(id,id_columna,id_fila,id_funcion,id_pago) VALUES (98,2,'B',4,NULL);
INSERT INTO `cinestar`.`asiento`(id,id_columna,id_fila,id_funcion,id_pago) VALUES (99,2,'C',4,NULL);
INSERT INTO `cinestar`.`asiento`(id,id_columna,id_fila,id_funcion,id_pago) VALUES (100,2,'D',4,NULL);
INSERT INTO `cinestar`.`asiento`(id,id_columna,id_fila,id_funcion,id_pago) VALUES (101,2,'E',4,NULL);
INSERT INTO `cinestar`.`asiento`(id,id_columna,id_fila,id_funcion,id_pago) VALUES (102,2,'F',4,NULL);
INSERT INTO `cinestar`.`asiento`(id,id_columna,id_fila,id_funcion,id_pago) VALUES (103,3,'A',4,NULL);
INSERT INTO `cinestar`.`asiento`(id,id_columna,id_fila,id_funcion,id_pago) VALUES (104,3,'B',4,NULL);
INSERT INTO `cinestar`.`asiento`(id,id_columna,id_fila,id_funcion,id_pago) VALUES (105,3,'C',4,NULL);
INSERT INTO `cinestar`.`asiento`(id,id_columna,id_fila,id_funcion,id_pago) VALUES (106,3,'D',4,NULL);
INSERT INTO `cinestar`.`asiento`(id,id_columna,id_fila,id_funcion,id_pago) VALUES (107,3,'E',4,NULL);
INSERT INTO `cinestar`.`asiento`(id,id_columna,id_fila,id_funcion,id_pago) VALUES (108,3,'F',4,NULL);
INSERT INTO `cinestar`.`asiento`(id,id_columna,id_fila,id_funcion,id_pago) VALUES (109,4,'A',4,NULL);
INSERT INTO `cinestar`.`asiento`(id,id_columna,id_fila,id_funcion,id_pago) VALUES (110,4,'B',4,NULL);
INSERT INTO `cinestar`.`asiento`(id,id_columna,id_fila,id_funcion,id_pago) VALUES (111,4,'C',4,NULL);
INSERT INTO `cinestar`.`asiento`(id,id_columna,id_fila,id_funcion,id_pago) VALUES (112,4,'D',4,NULL);
INSERT INTO `cinestar`.`asiento`(id,id_columna,id_fila,id_funcion,id_pago) VALUES (113,4,'E',4,NULL);
INSERT INTO `cinestar`.`asiento`(id,id_columna,id_fila,id_funcion,id_pago) VALUES (114,4,'F',4,NULL);
INSERT INTO `cinestar`.`asiento`(id,id_columna,id_fila,id_funcion,id_pago) VALUES (115,5,'A',4,NULL);
INSERT INTO `cinestar`.`asiento`(id,id_columna,id_fila,id_funcion,id_pago) VALUES (116,5,'B',4,NULL);
INSERT INTO `cinestar`.`asiento`(id,id_columna,id_fila,id_funcion,id_pago) VALUES (117,5,'C',4,NULL);
INSERT INTO `cinestar`.`asiento`(id,id_columna,id_fila,id_funcion,id_pago) VALUES (118,5,'D',4,NULL);
INSERT INTO `cinestar`.`asiento`(id,id_columna,id_fila,id_funcion,id_pago) VALUES (119,5,'E',4,NULL);
INSERT INTO `cinestar`.`asiento`(id,id_columna,id_fila,id_funcion,id_pago) VALUES (120,5,'F',4,NULL);
INSERT INTO `cinestar`.`asiento`(id,id_columna,id_fila,id_funcion,id_pago) VALUES (121,1,'A',5,NULL);
INSERT INTO `cinestar`.`asiento`(id,id_columna,id_fila,id_funcion,id_pago) VALUES (122,1,'B',5,NULL);
INSERT INTO `cinestar`.`asiento`(id,id_columna,id_fila,id_funcion,id_pago) VALUES (123,1,'C',5,NULL);
INSERT INTO `cinestar`.`asiento`(id,id_columna,id_fila,id_funcion,id_pago) VALUES (124,1,'D',5,NULL);
INSERT INTO `cinestar`.`asiento`(id,id_columna,id_fila,id_funcion,id_pago) VALUES (125,1,'E',5,NULL);
INSERT INTO `cinestar`.`asiento`(id,id_columna,id_fila,id_funcion,id_pago) VALUES (126,1,'F',5,NULL);
INSERT INTO `cinestar`.`asiento`(id,id_columna,id_fila,id_funcion,id_pago) VALUES (127,2,'A',5,NULL);
INSERT INTO `cinestar`.`asiento`(id,id_columna,id_fila,id_funcion,id_pago) VALUES (128,2,'B',5,NULL);
INSERT INTO `cinestar`.`asiento`(id,id_columna,id_fila,id_funcion,id_pago) VALUES (129,2,'C',5,NULL);
INSERT INTO `cinestar`.`asiento`(id,id_columna,id_fila,id_funcion,id_pago) VALUES (130,2,'D',5,NULL);
INSERT INTO `cinestar`.`asiento`(id,id_columna,id_fila,id_funcion,id_pago) VALUES (131,2,'E',5,NULL);
INSERT INTO `cinestar`.`asiento`(id,id_columna,id_fila,id_funcion,id_pago) VALUES (132,2,'F',5,NULL);
INSERT INTO `cinestar`.`asiento`(id,id_columna,id_fila,id_funcion,id_pago) VALUES (133,3,'A',5,NULL);
INSERT INTO `cinestar`.`asiento`(id,id_columna,id_fila,id_funcion,id_pago) VALUES (134,3,'B',5,NULL);
INSERT INTO `cinestar`.`asiento`(id,id_columna,id_fila,id_funcion,id_pago) VALUES (135,3,'C',5,NULL);
INSERT INTO `cinestar`.`asiento`(id,id_columna,id_fila,id_funcion,id_pago) VALUES (136,3,'D',5,NULL);
INSERT INTO `cinestar`.`asiento`(id,id_columna,id_fila,id_funcion,id_pago) VALUES (137,3,'E',5,NULL);
INSERT INTO `cinestar`.`asiento`(id,id_columna,id_fila,id_funcion,id_pago) VALUES (138,3,'F',5,NULL);
INSERT INTO `cinestar`.`asiento`(id,id_columna,id_fila,id_funcion,id_pago) VALUES (139,4,'A',5,NULL);
INSERT INTO `cinestar`.`asiento`(id,id_columna,id_fila,id_funcion,id_pago) VALUES (140,4,'B',5,NULL);
INSERT INTO `cinestar`.`asiento`(id,id_columna,id_fila,id_funcion,id_pago) VALUES (141,4,'C',5,NULL);
INSERT INTO `cinestar`.`asiento`(id,id_columna,id_fila,id_funcion,id_pago) VALUES (142,4,'D',5,NULL);
INSERT INTO `cinestar`.`asiento`(id,id_columna,id_fila,id_funcion,id_pago) VALUES (143,4,'E',5,NULL);
INSERT INTO `cinestar`.`asiento`(id,id_columna,id_fila,id_funcion,id_pago) VALUES (144,4,'F',5,NULL);
INSERT INTO `cinestar`.`asiento`(id,id_columna,id_fila,id_funcion,id_pago) VALUES (145,5,'A',5,NULL);
INSERT INTO `cinestar`.`asiento`(id,id_columna,id_fila,id_funcion,id_pago) VALUES (146,5,'B',5,NULL);
INSERT INTO `cinestar`.`asiento`(id,id_columna,id_fila,id_funcion,id_pago) VALUES (147,5,'C',5,NULL);
INSERT INTO `cinestar`.`asiento`(id,id_columna,id_fila,id_funcion,id_pago) VALUES (148,5,'D',5,NULL);
INSERT INTO `cinestar`.`asiento`(id,id_columna,id_fila,id_funcion,id_pago) VALUES (149,5,'E',5,NULL);
INSERT INTO `cinestar`.`asiento`(id,id_columna,id_fila,id_funcion,id_pago) VALUES (150,5,'F',5,NULL);
INSERT INTO `cinestar`.`asiento`(id,id_columna,id_fila,id_funcion,id_pago) VALUES (151,1,'A',6,NULL);
INSERT INTO `cinestar`.`asiento`(id,id_columna,id_fila,id_funcion,id_pago) VALUES (152,1,'B',6,NULL);
INSERT INTO `cinestar`.`asiento`(id,id_columna,id_fila,id_funcion,id_pago) VALUES (153,1,'C',6,NULL);
INSERT INTO `cinestar`.`asiento`(id,id_columna,id_fila,id_funcion,id_pago) VALUES (154,1,'D',6,NULL);
INSERT INTO `cinestar`.`asiento`(id,id_columna,id_fila,id_funcion,id_pago) VALUES (155,1,'E',6,NULL);
INSERT INTO `cinestar`.`asiento`(id,id_columna,id_fila,id_funcion,id_pago) VALUES (156,1,'F',6,NULL);
INSERT INTO `cinestar`.`asiento`(id,id_columna,id_fila,id_funcion,id_pago) VALUES (157,2,'A',6,NULL);
INSERT INTO `cinestar`.`asiento`(id,id_columna,id_fila,id_funcion,id_pago) VALUES (158,2,'B',6,NULL);
INSERT INTO `cinestar`.`asiento`(id,id_columna,id_fila,id_funcion,id_pago) VALUES (159,2,'C',6,NULL);
INSERT INTO `cinestar`.`asiento`(id,id_columna,id_fila,id_funcion,id_pago) VALUES (160,2,'D',6,NULL);
INSERT INTO `cinestar`.`asiento`(id,id_columna,id_fila,id_funcion,id_pago) VALUES (161,2,'E',6,NULL);
INSERT INTO `cinestar`.`asiento`(id,id_columna,id_fila,id_funcion,id_pago) VALUES (162,2,'F',6,NULL);
INSERT INTO `cinestar`.`asiento`(id,id_columna,id_fila,id_funcion,id_pago) VALUES (163,3,'A',6,NULL);
INSERT INTO `cinestar`.`asiento`(id,id_columna,id_fila,id_funcion,id_pago) VALUES (164,3,'B',6,NULL);
INSERT INTO `cinestar`.`asiento`(id,id_columna,id_fila,id_funcion,id_pago) VALUES (165,3,'C',6,NULL);
INSERT INTO `cinestar`.`asiento`(id,id_columna,id_fila,id_funcion,id_pago) VALUES (166,3,'D',6,NULL);
INSERT INTO `cinestar`.`asiento`(id,id_columna,id_fila,id_funcion,id_pago) VALUES (167,3,'E',6,NULL);
INSERT INTO `cinestar`.`asiento`(id,id_columna,id_fila,id_funcion,id_pago) VALUES (168,3,'F',6,NULL);
INSERT INTO `cinestar`.`asiento`(id,id_columna,id_fila,id_funcion,id_pago) VALUES (169,4,'A',6,NULL);
INSERT INTO `cinestar`.`asiento`(id,id_columna,id_fila,id_funcion,id_pago) VALUES (170,4,'B',6,NULL);
INSERT INTO `cinestar`.`asiento`(id,id_columna,id_fila,id_funcion,id_pago) VALUES (171,4,'C',6,NULL);
INSERT INTO `cinestar`.`asiento`(id,id_columna,id_fila,id_funcion,id_pago) VALUES (172,4,'D',6,NULL);
INSERT INTO `cinestar`.`asiento`(id,id_columna,id_fila,id_funcion,id_pago) VALUES (173,4,'E',6,NULL);
INSERT INTO `cinestar`.`asiento`(id,id_columna,id_fila,id_funcion,id_pago) VALUES (174,4,'F',6,NULL);
INSERT INTO `cinestar`.`asiento`(id,id_columna,id_fila,id_funcion,id_pago) VALUES (175,5,'A',6,NULL);
INSERT INTO `cinestar`.`asiento`(id,id_columna,id_fila,id_funcion,id_pago) VALUES (176,5,'B',6,NULL);
INSERT INTO `cinestar`.`asiento`(id,id_columna,id_fila,id_funcion,id_pago) VALUES (177,5,'C',6,NULL);
INSERT INTO `cinestar`.`asiento`(id,id_columna,id_fila,id_funcion,id_pago) VALUES (178,5,'D',6,NULL);
INSERT INTO `cinestar`.`asiento`(id,id_columna,id_fila,id_funcion,id_pago) VALUES (179,5,'E',6,NULL);
INSERT INTO `cinestar`.`asiento`(id,id_columna,id_fila,id_funcion,id_pago) VALUES (180,5,'F',6,NULL);
INSERT INTO `cinestar`.`asiento`(id,id_columna,id_fila,id_funcion,id_pago) VALUES (181,1,'A',7,NULL);
INSERT INTO `cinestar`.`asiento`(id,id_columna,id_fila,id_funcion,id_pago) VALUES (182,1,'B',7,NULL);
INSERT INTO `cinestar`.`asiento`(id,id_columna,id_fila,id_funcion,id_pago) VALUES (183,1,'C',7,NULL);
INSERT INTO `cinestar`.`asiento`(id,id_columna,id_fila,id_funcion,id_pago) VALUES (184,1,'D',7,NULL);
INSERT INTO `cinestar`.`asiento`(id,id_columna,id_fila,id_funcion,id_pago) VALUES (185,1,'E',7,NULL);
INSERT INTO `cinestar`.`asiento`(id,id_columna,id_fila,id_funcion,id_pago) VALUES (186,1,'F',7,NULL);
INSERT INTO `cinestar`.`asiento`(id,id_columna,id_fila,id_funcion,id_pago) VALUES (187,2,'A',7,NULL);
INSERT INTO `cinestar`.`asiento`(id,id_columna,id_fila,id_funcion,id_pago) VALUES (188,2,'B',7,NULL);
INSERT INTO `cinestar`.`asiento`(id,id_columna,id_fila,id_funcion,id_pago) VALUES (189,2,'C',7,NULL);
INSERT INTO `cinestar`.`asiento`(id,id_columna,id_fila,id_funcion,id_pago) VALUES (190,2,'D',7,NULL);
INSERT INTO `cinestar`.`asiento`(id,id_columna,id_fila,id_funcion,id_pago) VALUES (191,2,'E',7,NULL);
INSERT INTO `cinestar`.`asiento`(id,id_columna,id_fila,id_funcion,id_pago) VALUES (192,2,'F',7,NULL);
INSERT INTO `cinestar`.`asiento`(id,id_columna,id_fila,id_funcion,id_pago) VALUES (193,3,'A',7,NULL);
INSERT INTO `cinestar`.`asiento`(id,id_columna,id_fila,id_funcion,id_pago) VALUES (194,3,'B',7,NULL);
INSERT INTO `cinestar`.`asiento`(id,id_columna,id_fila,id_funcion,id_pago) VALUES (195,3,'C',7,NULL);
INSERT INTO `cinestar`.`asiento`(id,id_columna,id_fila,id_funcion,id_pago) VALUES (196,3,'D',7,NULL);
INSERT INTO `cinestar`.`asiento`(id,id_columna,id_fila,id_funcion,id_pago) VALUES (197,3,'E',7,NULL);
INSERT INTO `cinestar`.`asiento`(id,id_columna,id_fila,id_funcion,id_pago) VALUES (198,3,'F',7,NULL);
INSERT INTO `cinestar`.`asiento`(id,id_columna,id_fila,id_funcion,id_pago) VALUES (199,4,'A',7,NULL);
INSERT INTO `cinestar`.`asiento`(id,id_columna,id_fila,id_funcion,id_pago) VALUES (200,4,'B',7,NULL);
INSERT INTO `cinestar`.`asiento`(id,id_columna,id_fila,id_funcion,id_pago) VALUES (201,4,'C',7,NULL);
INSERT INTO `cinestar`.`asiento`(id,id_columna,id_fila,id_funcion,id_pago) VALUES (202,4,'D',7,NULL);
INSERT INTO `cinestar`.`asiento`(id,id_columna,id_fila,id_funcion,id_pago) VALUES (203,4,'E',7,NULL);
INSERT INTO `cinestar`.`asiento`(id,id_columna,id_fila,id_funcion,id_pago) VALUES (204,4,'F',7,NULL);
INSERT INTO `cinestar`.`asiento`(id,id_columna,id_fila,id_funcion,id_pago) VALUES (205,5,'A',7,NULL);
INSERT INTO `cinestar`.`asiento`(id,id_columna,id_fila,id_funcion,id_pago) VALUES (206,5,'B',7,NULL);
INSERT INTO `cinestar`.`asiento`(id,id_columna,id_fila,id_funcion,id_pago) VALUES (207,5,'C',7,NULL);
INSERT INTO `cinestar`.`asiento`(id,id_columna,id_fila,id_funcion,id_pago) VALUES (208,5,'D',7,NULL);
INSERT INTO `cinestar`.`asiento`(id,id_columna,id_fila,id_funcion,id_pago) VALUES (209,5,'E',7,NULL);
INSERT INTO `cinestar`.`asiento`(id,id_columna,id_fila,id_funcion,id_pago) VALUES (210,5,'F',7,NULL);
INSERT INTO `cinestar`.`asiento`(id,id_columna,id_fila,id_funcion,id_pago) VALUES (211,1,'A',8,NULL);
INSERT INTO `cinestar`.`asiento`(id,id_columna,id_fila,id_funcion,id_pago) VALUES (212,1,'B',8,NULL);
INSERT INTO `cinestar`.`asiento`(id,id_columna,id_fila,id_funcion,id_pago) VALUES (213,1,'C',8,NULL);
INSERT INTO `cinestar`.`asiento`(id,id_columna,id_fila,id_funcion,id_pago) VALUES (214,1,'D',8,NULL);
INSERT INTO `cinestar`.`asiento`(id,id_columna,id_fila,id_funcion,id_pago) VALUES (215,1,'E',8,NULL);
INSERT INTO `cinestar`.`asiento`(id,id_columna,id_fila,id_funcion,id_pago) VALUES (216,1,'F',8,NULL);
INSERT INTO `cinestar`.`asiento`(id,id_columna,id_fila,id_funcion,id_pago) VALUES (217,2,'A',8,NULL);
INSERT INTO `cinestar`.`asiento`(id,id_columna,id_fila,id_funcion,id_pago) VALUES (218,2,'B',8,NULL);
INSERT INTO `cinestar`.`asiento`(id,id_columna,id_fila,id_funcion,id_pago) VALUES (219,2,'C',8,NULL);
INSERT INTO `cinestar`.`asiento`(id,id_columna,id_fila,id_funcion,id_pago) VALUES (220,2,'D',8,NULL);
INSERT INTO `cinestar`.`asiento`(id,id_columna,id_fila,id_funcion,id_pago) VALUES (221,2,'E',8,NULL);
INSERT INTO `cinestar`.`asiento`(id,id_columna,id_fila,id_funcion,id_pago) VALUES (222,2,'F',8,NULL);
INSERT INTO `cinestar`.`asiento`(id,id_columna,id_fila,id_funcion,id_pago) VALUES (223,3,'A',8,NULL);
INSERT INTO `cinestar`.`asiento`(id,id_columna,id_fila,id_funcion,id_pago) VALUES (224,3,'B',8,NULL);
INSERT INTO `cinestar`.`asiento`(id,id_columna,id_fila,id_funcion,id_pago) VALUES (225,3,'C',8,NULL);
INSERT INTO `cinestar`.`asiento`(id,id_columna,id_fila,id_funcion,id_pago) VALUES (226,3,'D',8,NULL);
INSERT INTO `cinestar`.`asiento`(id,id_columna,id_fila,id_funcion,id_pago) VALUES (227,3,'E',8,NULL);
INSERT INTO `cinestar`.`asiento`(id,id_columna,id_fila,id_funcion,id_pago) VALUES (228,3,'F',8,NULL);
INSERT INTO `cinestar`.`asiento`(id,id_columna,id_fila,id_funcion,id_pago) VALUES (229,4,'A',8,NULL);
INSERT INTO `cinestar`.`asiento`(id,id_columna,id_fila,id_funcion,id_pago) VALUES (230,4,'B',8,NULL);
INSERT INTO `cinestar`.`asiento`(id,id_columna,id_fila,id_funcion,id_pago) VALUES (231,4,'C',8,NULL);
INSERT INTO `cinestar`.`asiento`(id,id_columna,id_fila,id_funcion,id_pago) VALUES (232,4,'D',8,NULL);
INSERT INTO `cinestar`.`asiento`(id,id_columna,id_fila,id_funcion,id_pago) VALUES (233,4,'E',8,NULL);
INSERT INTO `cinestar`.`asiento`(id,id_columna,id_fila,id_funcion,id_pago) VALUES (234,4,'F',8,NULL);
INSERT INTO `cinestar`.`asiento`(id,id_columna,id_fila,id_funcion,id_pago) VALUES (235,5,'A',8,NULL);
INSERT INTO `cinestar`.`asiento`(id,id_columna,id_fila,id_funcion,id_pago) VALUES (236,5,'B',8,NULL);
INSERT INTO `cinestar`.`asiento`(id,id_columna,id_fila,id_funcion,id_pago) VALUES (237,5,'C',8,NULL);
INSERT INTO `cinestar`.`asiento`(id,id_columna,id_fila,id_funcion,id_pago) VALUES (238,5,'D',8,NULL);
INSERT INTO `cinestar`.`asiento`(id,id_columna,id_fila,id_funcion,id_pago) VALUES (239,5,'E',8,NULL);
INSERT INTO `cinestar`.`asiento`(id,id_columna,id_fila,id_funcion,id_pago) VALUES (240,5,'F',8,NULL);
INSERT INTO `cinestar`.`asiento`(id,id_columna,id_fila,id_funcion,id_pago) VALUES (241,1,'A',9,NULL);
INSERT INTO `cinestar`.`asiento`(id,id_columna,id_fila,id_funcion,id_pago) VALUES (242,1,'B',9,NULL);
INSERT INTO `cinestar`.`asiento`(id,id_columna,id_fila,id_funcion,id_pago) VALUES (243,1,'C',9,NULL);
INSERT INTO `cinestar`.`asiento`(id,id_columna,id_fila,id_funcion,id_pago) VALUES (244,1,'D',9,NULL);
INSERT INTO `cinestar`.`asiento`(id,id_columna,id_fila,id_funcion,id_pago) VALUES (245,1,'E',9,NULL);
INSERT INTO `cinestar`.`asiento`(id,id_columna,id_fila,id_funcion,id_pago) VALUES (246,1,'F',9,NULL);
INSERT INTO `cinestar`.`asiento`(id,id_columna,id_fila,id_funcion,id_pago) VALUES (247,2,'A',9,NULL);
INSERT INTO `cinestar`.`asiento`(id,id_columna,id_fila,id_funcion,id_pago) VALUES (248,2,'B',9,NULL);
INSERT INTO `cinestar`.`asiento`(id,id_columna,id_fila,id_funcion,id_pago) VALUES (249,2,'C',9,NULL);
INSERT INTO `cinestar`.`asiento`(id,id_columna,id_fila,id_funcion,id_pago) VALUES (250,2,'D',9,NULL);
INSERT INTO `cinestar`.`asiento`(id,id_columna,id_fila,id_funcion,id_pago) VALUES (251,2,'E',9,NULL);
INSERT INTO `cinestar`.`asiento`(id,id_columna,id_fila,id_funcion,id_pago) VALUES (252,2,'F',9,NULL);
INSERT INTO `cinestar`.`asiento`(id,id_columna,id_fila,id_funcion,id_pago) VALUES (253,3,'A',9,NULL);
INSERT INTO `cinestar`.`asiento`(id,id_columna,id_fila,id_funcion,id_pago) VALUES (254,3,'B',9,NULL);
INSERT INTO `cinestar`.`asiento`(id,id_columna,id_fila,id_funcion,id_pago) VALUES (255,3,'C',9,NULL);
INSERT INTO `cinestar`.`asiento`(id,id_columna,id_fila,id_funcion,id_pago) VALUES (256,3,'D',9,NULL);
INSERT INTO `cinestar`.`asiento`(id,id_columna,id_fila,id_funcion,id_pago) VALUES (257,3,'E',9,NULL);
INSERT INTO `cinestar`.`asiento`(id,id_columna,id_fila,id_funcion,id_pago) VALUES (258,3,'F',9,NULL);
INSERT INTO `cinestar`.`asiento`(id,id_columna,id_fila,id_funcion,id_pago) VALUES (259,4,'A',9,NULL);
INSERT INTO `cinestar`.`asiento`(id,id_columna,id_fila,id_funcion,id_pago) VALUES (260,4,'B',9,NULL);
INSERT INTO `cinestar`.`asiento`(id,id_columna,id_fila,id_funcion,id_pago) VALUES (261,4,'C',9,NULL);
INSERT INTO `cinestar`.`asiento`(id,id_columna,id_fila,id_funcion,id_pago) VALUES (262,4,'D',9,NULL);
INSERT INTO `cinestar`.`asiento`(id,id_columna,id_fila,id_funcion,id_pago) VALUES (263,4,'E',9,NULL);
INSERT INTO `cinestar`.`asiento`(id,id_columna,id_fila,id_funcion,id_pago) VALUES (264,4,'F',9,NULL);
INSERT INTO `cinestar`.`asiento`(id,id_columna,id_fila,id_funcion,id_pago) VALUES (265,5,'A',9,NULL);
INSERT INTO `cinestar`.`asiento`(id,id_columna,id_fila,id_funcion,id_pago) VALUES (266,5,'B',9,NULL);
INSERT INTO `cinestar`.`asiento`(id,id_columna,id_fila,id_funcion,id_pago) VALUES (267,5,'C',9,NULL);
INSERT INTO `cinestar`.`asiento`(id,id_columna,id_fila,id_funcion,id_pago) VALUES (268,5,'D',9,NULL);
INSERT INTO `cinestar`.`asiento`(id,id_columna,id_fila,id_funcion,id_pago) VALUES (269,5,'E',9,NULL);
INSERT INTO `cinestar`.`asiento`(id,id_columna,id_fila,id_funcion,id_pago) VALUES (270,5,'F',9,NULL);
INSERT INTO `cinestar`.`asiento`(id,id_columna,id_fila,id_funcion,id_pago) VALUES (271,1,'A',10,NULL);
INSERT INTO `cinestar`.`asiento`(id,id_columna,id_fila,id_funcion,id_pago) VALUES (272,1,'B',10,NULL);
INSERT INTO `cinestar`.`asiento`(id,id_columna,id_fila,id_funcion,id_pago) VALUES (273,1,'C',10,NULL);
INSERT INTO `cinestar`.`asiento`(id,id_columna,id_fila,id_funcion,id_pago) VALUES (274,1,'D',10,NULL);
INSERT INTO `cinestar`.`asiento`(id,id_columna,id_fila,id_funcion,id_pago) VALUES (275,1,'E',10,NULL);
INSERT INTO `cinestar`.`asiento`(id,id_columna,id_fila,id_funcion,id_pago) VALUES (276,1,'F',10,NULL);
INSERT INTO `cinestar`.`asiento`(id,id_columna,id_fila,id_funcion,id_pago) VALUES (277,2,'A',10,NULL);
INSERT INTO `cinestar`.`asiento`(id,id_columna,id_fila,id_funcion,id_pago) VALUES (278,2,'B',10,NULL);
INSERT INTO `cinestar`.`asiento`(id,id_columna,id_fila,id_funcion,id_pago) VALUES (279,2,'C',10,NULL);
INSERT INTO `cinestar`.`asiento`(id,id_columna,id_fila,id_funcion,id_pago) VALUES (280,2,'D',10,NULL);
INSERT INTO `cinestar`.`asiento`(id,id_columna,id_fila,id_funcion,id_pago) VALUES (281,2,'E',10,NULL);
INSERT INTO `cinestar`.`asiento`(id,id_columna,id_fila,id_funcion,id_pago) VALUES (282,2,'F',10,NULL);
INSERT INTO `cinestar`.`asiento`(id,id_columna,id_fila,id_funcion,id_pago) VALUES (283,3,'A',10,NULL);
INSERT INTO `cinestar`.`asiento`(id,id_columna,id_fila,id_funcion,id_pago) VALUES (284,3,'B',10,NULL);
INSERT INTO `cinestar`.`asiento`(id,id_columna,id_fila,id_funcion,id_pago) VALUES (285,3,'C',10,NULL);
INSERT INTO `cinestar`.`asiento`(id,id_columna,id_fila,id_funcion,id_pago) VALUES (286,3,'D',10,NULL);
INSERT INTO `cinestar`.`asiento`(id,id_columna,id_fila,id_funcion,id_pago) VALUES (287,3,'E',10,NULL);
INSERT INTO `cinestar`.`asiento`(id,id_columna,id_fila,id_funcion,id_pago) VALUES (288,3,'F',10,NULL);
INSERT INTO `cinestar`.`asiento`(id,id_columna,id_fila,id_funcion,id_pago) VALUES (289,4,'A',10,NULL);
INSERT INTO `cinestar`.`asiento`(id,id_columna,id_fila,id_funcion,id_pago) VALUES (290,4,'B',10,NULL);
INSERT INTO `cinestar`.`asiento`(id,id_columna,id_fila,id_funcion,id_pago) VALUES (291,4,'C',10,NULL);
INSERT INTO `cinestar`.`asiento`(id,id_columna,id_fila,id_funcion,id_pago) VALUES (292,4,'D',10,NULL);
INSERT INTO `cinestar`.`asiento`(id,id_columna,id_fila,id_funcion,id_pago) VALUES (293,4,'E',10,NULL);
INSERT INTO `cinestar`.`asiento`(id,id_columna,id_fila,id_funcion,id_pago) VALUES (294,4,'F',10,NULL);
INSERT INTO `cinestar`.`asiento`(id,id_columna,id_fila,id_funcion,id_pago) VALUES (295,5,'A',10,NULL);
INSERT INTO `cinestar`.`asiento`(id,id_columna,id_fila,id_funcion,id_pago) VALUES (296,5,'B',10,NULL);
INSERT INTO `cinestar`.`asiento`(id,id_columna,id_fila,id_funcion,id_pago) VALUES (297,5,'C',10,NULL);
INSERT INTO `cinestar`.`asiento`(id,id_columna,id_fila,id_funcion,id_pago) VALUES (298,5,'D',10,NULL);
INSERT INTO `cinestar`.`asiento`(id,id_columna,id_fila,id_funcion,id_pago) VALUES (299,5,'E',10,NULL);
INSERT INTO `cinestar`.`asiento`(id,id_columna,id_fila,id_funcion,id_pago) VALUES (300,5,'F',10,NULL);
INSERT INTO `cinestar`.`asiento`(id,id_columna,id_fila,id_funcion,id_pago) VALUES (301,1,'A',11,NULL);
INSERT INTO `cinestar`.`asiento`(id,id_columna,id_fila,id_funcion,id_pago) VALUES (302,1,'B',11,NULL);
INSERT INTO `cinestar`.`asiento`(id,id_columna,id_fila,id_funcion,id_pago) VALUES (303,1,'C',11,NULL);
INSERT INTO `cinestar`.`asiento`(id,id_columna,id_fila,id_funcion,id_pago) VALUES (304,1,'D',11,NULL);
INSERT INTO `cinestar`.`asiento`(id,id_columna,id_fila,id_funcion,id_pago) VALUES (305,1,'E',11,NULL);
INSERT INTO `cinestar`.`asiento`(id,id_columna,id_fila,id_funcion,id_pago) VALUES (306,1,'F',11,NULL);
INSERT INTO `cinestar`.`asiento`(id,id_columna,id_fila,id_funcion,id_pago) VALUES (307,2,'A',11,NULL);
INSERT INTO `cinestar`.`asiento`(id,id_columna,id_fila,id_funcion,id_pago) VALUES (308,2,'B',11,NULL);
INSERT INTO `cinestar`.`asiento`(id,id_columna,id_fila,id_funcion,id_pago) VALUES (309,2,'C',11,NULL);
INSERT INTO `cinestar`.`asiento`(id,id_columna,id_fila,id_funcion,id_pago) VALUES (310,2,'D',11,NULL);
INSERT INTO `cinestar`.`asiento`(id,id_columna,id_fila,id_funcion,id_pago) VALUES (311,2,'E',11,NULL);
INSERT INTO `cinestar`.`asiento`(id,id_columna,id_fila,id_funcion,id_pago) VALUES (312,2,'F',11,NULL);
INSERT INTO `cinestar`.`asiento`(id,id_columna,id_fila,id_funcion,id_pago) VALUES (313,3,'A',11,NULL);
INSERT INTO `cinestar`.`asiento`(id,id_columna,id_fila,id_funcion,id_pago) VALUES (314,3,'B',11,NULL);
INSERT INTO `cinestar`.`asiento`(id,id_columna,id_fila,id_funcion,id_pago) VALUES (315,3,'C',11,NULL);
INSERT INTO `cinestar`.`asiento`(id,id_columna,id_fila,id_funcion,id_pago) VALUES (316,3,'D',11,NULL);
INSERT INTO `cinestar`.`asiento`(id,id_columna,id_fila,id_funcion,id_pago) VALUES (317,3,'E',11,NULL);
INSERT INTO `cinestar`.`asiento`(id,id_columna,id_fila,id_funcion,id_pago) VALUES (318,3,'F',11,NULL);
INSERT INTO `cinestar`.`asiento`(id,id_columna,id_fila,id_funcion,id_pago) VALUES (319,4,'A',11,NULL);
INSERT INTO `cinestar`.`asiento`(id,id_columna,id_fila,id_funcion,id_pago) VALUES (320,4,'B',11,NULL);
INSERT INTO `cinestar`.`asiento`(id,id_columna,id_fila,id_funcion,id_pago) VALUES (321,4,'C',11,NULL);
INSERT INTO `cinestar`.`asiento`(id,id_columna,id_fila,id_funcion,id_pago) VALUES (322,4,'D',11,NULL);
INSERT INTO `cinestar`.`asiento`(id,id_columna,id_fila,id_funcion,id_pago) VALUES (323,4,'E',11,NULL);
INSERT INTO `cinestar`.`asiento`(id,id_columna,id_fila,id_funcion,id_pago) VALUES (324,4,'F',11,NULL);
INSERT INTO `cinestar`.`asiento`(id,id_columna,id_fila,id_funcion,id_pago) VALUES (325,5,'A',11,NULL);
INSERT INTO `cinestar`.`asiento`(id,id_columna,id_fila,id_funcion,id_pago) VALUES (326,5,'B',11,NULL);
INSERT INTO `cinestar`.`asiento`(id,id_columna,id_fila,id_funcion,id_pago) VALUES (327,5,'C',11,NULL);
INSERT INTO `cinestar`.`asiento`(id,id_columna,id_fila,id_funcion,id_pago) VALUES (328,5,'D',11,NULL);
INSERT INTO `cinestar`.`asiento`(id,id_columna,id_fila,id_funcion,id_pago) VALUES (329,5,'E',11,NULL);
INSERT INTO `cinestar`.`asiento`(id,id_columna,id_fila,id_funcion,id_pago) VALUES (330,5,'F',11,NULL);
INSERT INTO `cinestar`.`asiento`(id,id_columna,id_fila,id_funcion,id_pago) VALUES (331,1,'A',12,NULL);
INSERT INTO `cinestar`.`asiento`(id,id_columna,id_fila,id_funcion,id_pago) VALUES (332,1,'B',12,NULL);
INSERT INTO `cinestar`.`asiento`(id,id_columna,id_fila,id_funcion,id_pago) VALUES (333,1,'C',12,NULL);
INSERT INTO `cinestar`.`asiento`(id,id_columna,id_fila,id_funcion,id_pago) VALUES (334,1,'D',12,NULL);
INSERT INTO `cinestar`.`asiento`(id,id_columna,id_fila,id_funcion,id_pago) VALUES (335,1,'E',12,NULL);
INSERT INTO `cinestar`.`asiento`(id,id_columna,id_fila,id_funcion,id_pago) VALUES (336,1,'F',12,NULL);
INSERT INTO `cinestar`.`asiento`(id,id_columna,id_fila,id_funcion,id_pago) VALUES (337,2,'A',12,NULL);
INSERT INTO `cinestar`.`asiento`(id,id_columna,id_fila,id_funcion,id_pago) VALUES (338,2,'B',12,NULL);
INSERT INTO `cinestar`.`asiento`(id,id_columna,id_fila,id_funcion,id_pago) VALUES (339,2,'C',12,NULL);
INSERT INTO `cinestar`.`asiento`(id,id_columna,id_fila,id_funcion,id_pago) VALUES (340,2,'D',12,NULL);
INSERT INTO `cinestar`.`asiento`(id,id_columna,id_fila,id_funcion,id_pago) VALUES (341,2,'E',12,NULL);
INSERT INTO `cinestar`.`asiento`(id,id_columna,id_fila,id_funcion,id_pago) VALUES (342,2,'F',12,NULL);
INSERT INTO `cinestar`.`asiento`(id,id_columna,id_fila,id_funcion,id_pago) VALUES (343,3,'A',12,NULL);
INSERT INTO `cinestar`.`asiento`(id,id_columna,id_fila,id_funcion,id_pago) VALUES (344,3,'B',12,NULL);
INSERT INTO `cinestar`.`asiento`(id,id_columna,id_fila,id_funcion,id_pago) VALUES (345,3,'C',12,NULL);
INSERT INTO `cinestar`.`asiento`(id,id_columna,id_fila,id_funcion,id_pago) VALUES (346,3,'D',12,NULL);
INSERT INTO `cinestar`.`asiento`(id,id_columna,id_fila,id_funcion,id_pago) VALUES (347,3,'E',12,NULL);
INSERT INTO `cinestar`.`asiento`(id,id_columna,id_fila,id_funcion,id_pago) VALUES (348,3,'F',12,NULL);
INSERT INTO `cinestar`.`asiento`(id,id_columna,id_fila,id_funcion,id_pago) VALUES (349,4,'A',12,NULL);
INSERT INTO `cinestar`.`asiento`(id,id_columna,id_fila,id_funcion,id_pago) VALUES (350,4,'B',12,NULL);
INSERT INTO `cinestar`.`asiento`(id,id_columna,id_fila,id_funcion,id_pago) VALUES (351,4,'C',12,NULL);
INSERT INTO `cinestar`.`asiento`(id,id_columna,id_fila,id_funcion,id_pago) VALUES (352,4,'D',12,NULL);
INSERT INTO `cinestar`.`asiento`(id,id_columna,id_fila,id_funcion,id_pago) VALUES (353,4,'E',12,NULL);
INSERT INTO `cinestar`.`asiento`(id,id_columna,id_fila,id_funcion,id_pago) VALUES (354,4,'F',12,NULL);
INSERT INTO `cinestar`.`asiento`(id,id_columna,id_fila,id_funcion,id_pago) VALUES (355,5,'A',12,NULL);
INSERT INTO `cinestar`.`asiento`(id,id_columna,id_fila,id_funcion,id_pago) VALUES (356,5,'B',12,NULL);
INSERT INTO `cinestar`.`asiento`(id,id_columna,id_fila,id_funcion,id_pago) VALUES (357,5,'C',12,NULL);
INSERT INTO `cinestar`.`asiento`(id,id_columna,id_fila,id_funcion,id_pago) VALUES (358,5,'D',12,NULL);
INSERT INTO `cinestar`.`asiento`(id,id_columna,id_fila,id_funcion,id_pago) VALUES (359,5,'E',12,NULL);
INSERT INTO `cinestar`.`asiento`(id,id_columna,id_fila,id_funcion,id_pago) VALUES (360,5,'F',12,NULL);
INSERT INTO `cinestar`.`asiento`(id,id_columna,id_fila,id_funcion,id_pago) VALUES (361,1,'A',13,NULL);
INSERT INTO `cinestar`.`asiento`(id,id_columna,id_fila,id_funcion,id_pago) VALUES (362,1,'B',13,NULL);
INSERT INTO `cinestar`.`asiento`(id,id_columna,id_fila,id_funcion,id_pago) VALUES (363,1,'C',13,NULL);
INSERT INTO `cinestar`.`asiento`(id,id_columna,id_fila,id_funcion,id_pago) VALUES (364,1,'D',13,NULL);
INSERT INTO `cinestar`.`asiento`(id,id_columna,id_fila,id_funcion,id_pago) VALUES (365,1,'E',13,NULL);
INSERT INTO `cinestar`.`asiento`(id,id_columna,id_fila,id_funcion,id_pago) VALUES (366,1,'F',13,NULL);
INSERT INTO `cinestar`.`asiento`(id,id_columna,id_fila,id_funcion,id_pago) VALUES (367,2,'A',13,NULL);
INSERT INTO `cinestar`.`asiento`(id,id_columna,id_fila,id_funcion,id_pago) VALUES (368,2,'B',13,NULL);
INSERT INTO `cinestar`.`asiento`(id,id_columna,id_fila,id_funcion,id_pago) VALUES (369,2,'C',13,NULL);
INSERT INTO `cinestar`.`asiento`(id,id_columna,id_fila,id_funcion,id_pago) VALUES (370,2,'D',13,NULL);
INSERT INTO `cinestar`.`asiento`(id,id_columna,id_fila,id_funcion,id_pago) VALUES (371,2,'E',13,NULL);
INSERT INTO `cinestar`.`asiento`(id,id_columna,id_fila,id_funcion,id_pago) VALUES (372,2,'F',13,NULL);
INSERT INTO `cinestar`.`asiento`(id,id_columna,id_fila,id_funcion,id_pago) VALUES (373,3,'A',13,NULL);
INSERT INTO `cinestar`.`asiento`(id,id_columna,id_fila,id_funcion,id_pago) VALUES (374,3,'B',13,NULL);
INSERT INTO `cinestar`.`asiento`(id,id_columna,id_fila,id_funcion,id_pago) VALUES (375,3,'C',13,NULL);
INSERT INTO `cinestar`.`asiento`(id,id_columna,id_fila,id_funcion,id_pago) VALUES (376,3,'D',13,NULL);
INSERT INTO `cinestar`.`asiento`(id,id_columna,id_fila,id_funcion,id_pago) VALUES (377,3,'E',13,NULL);
INSERT INTO `cinestar`.`asiento`(id,id_columna,id_fila,id_funcion,id_pago) VALUES (378,3,'F',13,NULL);
INSERT INTO `cinestar`.`asiento`(id,id_columna,id_fila,id_funcion,id_pago) VALUES (379,4,'A',13,NULL);
INSERT INTO `cinestar`.`asiento`(id,id_columna,id_fila,id_funcion,id_pago) VALUES (380,4,'B',13,NULL);
INSERT INTO `cinestar`.`asiento`(id,id_columna,id_fila,id_funcion,id_pago) VALUES (381,4,'C',13,NULL);
INSERT INTO `cinestar`.`asiento`(id,id_columna,id_fila,id_funcion,id_pago) VALUES (382,4,'D',13,NULL);
INSERT INTO `cinestar`.`asiento`(id,id_columna,id_fila,id_funcion,id_pago) VALUES (383,4,'E',13,NULL);
INSERT INTO `cinestar`.`asiento`(id,id_columna,id_fila,id_funcion,id_pago) VALUES (384,4,'F',13,NULL);
INSERT INTO `cinestar`.`asiento`(id,id_columna,id_fila,id_funcion,id_pago) VALUES (385,5,'A',13,NULL);
INSERT INTO `cinestar`.`asiento`(id,id_columna,id_fila,id_funcion,id_pago) VALUES (386,5,'B',13,NULL);
INSERT INTO `cinestar`.`asiento`(id,id_columna,id_fila,id_funcion,id_pago) VALUES (387,5,'C',13,NULL);
INSERT INTO `cinestar`.`asiento`(id,id_columna,id_fila,id_funcion,id_pago) VALUES (388,5,'D',13,NULL);
INSERT INTO `cinestar`.`asiento`(id,id_columna,id_fila,id_funcion,id_pago) VALUES (389,5,'E',13,NULL);
INSERT INTO `cinestar`.`asiento`(id,id_columna,id_fila,id_funcion,id_pago) VALUES (390,5,'F',13,NULL);
INSERT INTO `cinestar`.`asiento`(id,id_columna,id_fila,id_funcion,id_pago) VALUES (391,1,'A',14,NULL);
INSERT INTO `cinestar`.`asiento`(id,id_columna,id_fila,id_funcion,id_pago) VALUES (392,1,'B',14,NULL);
INSERT INTO `cinestar`.`asiento`(id,id_columna,id_fila,id_funcion,id_pago) VALUES (393,1,'C',14,NULL);
INSERT INTO `cinestar`.`asiento`(id,id_columna,id_fila,id_funcion,id_pago) VALUES (394,1,'D',14,NULL);
INSERT INTO `cinestar`.`asiento`(id,id_columna,id_fila,id_funcion,id_pago) VALUES (395,1,'E',14,NULL);
INSERT INTO `cinestar`.`asiento`(id,id_columna,id_fila,id_funcion,id_pago) VALUES (396,1,'F',14,NULL);
INSERT INTO `cinestar`.`asiento`(id,id_columna,id_fila,id_funcion,id_pago) VALUES (397,2,'A',14,NULL);
INSERT INTO `cinestar`.`asiento`(id,id_columna,id_fila,id_funcion,id_pago) VALUES (398,2,'B',14,NULL);
INSERT INTO `cinestar`.`asiento`(id,id_columna,id_fila,id_funcion,id_pago) VALUES (399,2,'C',14,NULL);
INSERT INTO `cinestar`.`asiento`(id,id_columna,id_fila,id_funcion,id_pago) VALUES (400,2,'D',14,NULL);
INSERT INTO `cinestar`.`asiento`(id,id_columna,id_fila,id_funcion,id_pago) VALUES (401,2,'E',14,NULL);
INSERT INTO `cinestar`.`asiento`(id,id_columna,id_fila,id_funcion,id_pago) VALUES (402,2,'F',14,NULL);
INSERT INTO `cinestar`.`asiento`(id,id_columna,id_fila,id_funcion,id_pago) VALUES (403,3,'A',14,NULL);
INSERT INTO `cinestar`.`asiento`(id,id_columna,id_fila,id_funcion,id_pago) VALUES (404,3,'B',14,NULL);
INSERT INTO `cinestar`.`asiento`(id,id_columna,id_fila,id_funcion,id_pago) VALUES (405,3,'C',14,NULL);
INSERT INTO `cinestar`.`asiento`(id,id_columna,id_fila,id_funcion,id_pago) VALUES (406,3,'D',14,NULL);
INSERT INTO `cinestar`.`asiento`(id,id_columna,id_fila,id_funcion,id_pago) VALUES (407,3,'E',14,NULL);
INSERT INTO `cinestar`.`asiento`(id,id_columna,id_fila,id_funcion,id_pago) VALUES (408,3,'F',14,NULL);
INSERT INTO `cinestar`.`asiento`(id,id_columna,id_fila,id_funcion,id_pago) VALUES (409,4,'A',14,NULL);
INSERT INTO `cinestar`.`asiento`(id,id_columna,id_fila,id_funcion,id_pago) VALUES (410,4,'B',14,NULL);
INSERT INTO `cinestar`.`asiento`(id,id_columna,id_fila,id_funcion,id_pago) VALUES (411,4,'C',14,NULL);
INSERT INTO `cinestar`.`asiento`(id,id_columna,id_fila,id_funcion,id_pago) VALUES (412,4,'D',14,NULL);
INSERT INTO `cinestar`.`asiento`(id,id_columna,id_fila,id_funcion,id_pago) VALUES (413,4,'E',14,NULL);
INSERT INTO `cinestar`.`asiento`(id,id_columna,id_fila,id_funcion,id_pago) VALUES (414,4,'F',14,NULL);
INSERT INTO `cinestar`.`asiento`(id,id_columna,id_fila,id_funcion,id_pago) VALUES (415,5,'A',14,NULL);
INSERT INTO `cinestar`.`asiento`(id,id_columna,id_fila,id_funcion,id_pago) VALUES (416,5,'B',14,NULL);
INSERT INTO `cinestar`.`asiento`(id,id_columna,id_fila,id_funcion,id_pago) VALUES (417,5,'C',14,NULL);
INSERT INTO `cinestar`.`asiento`(id,id_columna,id_fila,id_funcion,id_pago) VALUES (418,5,'D',14,NULL);
INSERT INTO `cinestar`.`asiento`(id,id_columna,id_fila,id_funcion,id_pago) VALUES (419,5,'E',14,NULL);
INSERT INTO `cinestar`.`asiento`(id,id_columna,id_fila,id_funcion,id_pago) VALUES (420,5,'F',14,NULL);
INSERT INTO `cinestar`.`asiento`(id,id_columna,id_fila,id_funcion,id_pago) VALUES (421,1,'A',15,NULL);
INSERT INTO `cinestar`.`asiento`(id,id_columna,id_fila,id_funcion,id_pago) VALUES (422,1,'B',15,NULL);
INSERT INTO `cinestar`.`asiento`(id,id_columna,id_fila,id_funcion,id_pago) VALUES (423,1,'C',15,NULL);
INSERT INTO `cinestar`.`asiento`(id,id_columna,id_fila,id_funcion,id_pago) VALUES (424,1,'D',15,NULL);
INSERT INTO `cinestar`.`asiento`(id,id_columna,id_fila,id_funcion,id_pago) VALUES (425,1,'E',15,NULL);
INSERT INTO `cinestar`.`asiento`(id,id_columna,id_fila,id_funcion,id_pago) VALUES (426,1,'F',15,NULL);
INSERT INTO `cinestar`.`asiento`(id,id_columna,id_fila,id_funcion,id_pago) VALUES (427,2,'A',15,NULL);
INSERT INTO `cinestar`.`asiento`(id,id_columna,id_fila,id_funcion,id_pago) VALUES (428,2,'B',15,NULL);
INSERT INTO `cinestar`.`asiento`(id,id_columna,id_fila,id_funcion,id_pago) VALUES (429,2,'C',15,NULL);
INSERT INTO `cinestar`.`asiento`(id,id_columna,id_fila,id_funcion,id_pago) VALUES (430,2,'D',15,NULL);
INSERT INTO `cinestar`.`asiento`(id,id_columna,id_fila,id_funcion,id_pago) VALUES (431,2,'E',15,NULL);
INSERT INTO `cinestar`.`asiento`(id,id_columna,id_fila,id_funcion,id_pago) VALUES (432,2,'F',15,NULL);
INSERT INTO `cinestar`.`asiento`(id,id_columna,id_fila,id_funcion,id_pago) VALUES (433,3,'A',15,NULL);
INSERT INTO `cinestar`.`asiento`(id,id_columna,id_fila,id_funcion,id_pago) VALUES (434,3,'B',15,NULL);
INSERT INTO `cinestar`.`asiento`(id,id_columna,id_fila,id_funcion,id_pago) VALUES (435,3,'C',15,NULL);
INSERT INTO `cinestar`.`asiento`(id,id_columna,id_fila,id_funcion,id_pago) VALUES (436,3,'D',15,NULL);
INSERT INTO `cinestar`.`asiento`(id,id_columna,id_fila,id_funcion,id_pago) VALUES (437,3,'E',15,NULL);
INSERT INTO `cinestar`.`asiento`(id,id_columna,id_fila,id_funcion,id_pago) VALUES (438,3,'F',15,NULL);
INSERT INTO `cinestar`.`asiento`(id,id_columna,id_fila,id_funcion,id_pago) VALUES (439,4,'A',15,NULL);
INSERT INTO `cinestar`.`asiento`(id,id_columna,id_fila,id_funcion,id_pago) VALUES (440,4,'B',15,NULL);
INSERT INTO `cinestar`.`asiento`(id,id_columna,id_fila,id_funcion,id_pago) VALUES (441,4,'C',15,NULL);
INSERT INTO `cinestar`.`asiento`(id,id_columna,id_fila,id_funcion,id_pago) VALUES (442,4,'D',15,NULL);
INSERT INTO `cinestar`.`asiento`(id,id_columna,id_fila,id_funcion,id_pago) VALUES (443,4,'E',15,NULL);
INSERT INTO `cinestar`.`asiento`(id,id_columna,id_fila,id_funcion,id_pago) VALUES (444,4,'F',15,NULL);
INSERT INTO `cinestar`.`asiento`(id,id_columna,id_fila,id_funcion,id_pago) VALUES (445,5,'A',15,NULL);
INSERT INTO `cinestar`.`asiento`(id,id_columna,id_fila,id_funcion,id_pago) VALUES (446,5,'B',15,NULL);
INSERT INTO `cinestar`.`asiento`(id,id_columna,id_fila,id_funcion,id_pago) VALUES (447,5,'C',15,NULL);
INSERT INTO `cinestar`.`asiento`(id,id_columna,id_fila,id_funcion,id_pago) VALUES (448,5,'D',15,NULL);
INSERT INTO `cinestar`.`asiento`(id,id_columna,id_fila,id_funcion,id_pago) VALUES (449,5,'E',15,NULL);
INSERT INTO `cinestar`.`asiento`(id,id_columna,id_fila,id_funcion,id_pago) VALUES (450,5,'F',15,NULL);
INSERT INTO `cinestar`.`asiento`(id,id_columna,id_fila,id_funcion,id_pago) VALUES (451,1,'A',16,NULL);
INSERT INTO `cinestar`.`asiento`(id,id_columna,id_fila,id_funcion,id_pago) VALUES (452,1,'B',16,NULL);
INSERT INTO `cinestar`.`asiento`(id,id_columna,id_fila,id_funcion,id_pago) VALUES (453,1,'C',16,NULL);
INSERT INTO `cinestar`.`asiento`(id,id_columna,id_fila,id_funcion,id_pago) VALUES (454,1,'D',16,NULL);
INSERT INTO `cinestar`.`asiento`(id,id_columna,id_fila,id_funcion,id_pago) VALUES (455,1,'E',16,NULL);
INSERT INTO `cinestar`.`asiento`(id,id_columna,id_fila,id_funcion,id_pago) VALUES (456,1,'F',16,NULL);
INSERT INTO `cinestar`.`asiento`(id,id_columna,id_fila,id_funcion,id_pago) VALUES (457,2,'A',16,NULL);
INSERT INTO `cinestar`.`asiento`(id,id_columna,id_fila,id_funcion,id_pago) VALUES (458,2,'B',16,NULL);
INSERT INTO `cinestar`.`asiento`(id,id_columna,id_fila,id_funcion,id_pago) VALUES (459,2,'C',16,NULL);
INSERT INTO `cinestar`.`asiento`(id,id_columna,id_fila,id_funcion,id_pago) VALUES (460,2,'D',16,NULL);
INSERT INTO `cinestar`.`asiento`(id,id_columna,id_fila,id_funcion,id_pago) VALUES (461,2,'E',16,NULL);
INSERT INTO `cinestar`.`asiento`(id,id_columna,id_fila,id_funcion,id_pago) VALUES (462,2,'F',16,NULL);
INSERT INTO `cinestar`.`asiento`(id,id_columna,id_fila,id_funcion,id_pago) VALUES (463,3,'A',16,NULL);
INSERT INTO `cinestar`.`asiento`(id,id_columna,id_fila,id_funcion,id_pago) VALUES (464,3,'B',16,NULL);
INSERT INTO `cinestar`.`asiento`(id,id_columna,id_fila,id_funcion,id_pago) VALUES (465,3,'C',16,NULL);
INSERT INTO `cinestar`.`asiento`(id,id_columna,id_fila,id_funcion,id_pago) VALUES (466,3,'D',16,NULL);
INSERT INTO `cinestar`.`asiento`(id,id_columna,id_fila,id_funcion,id_pago) VALUES (467,3,'E',16,NULL);
INSERT INTO `cinestar`.`asiento`(id,id_columna,id_fila,id_funcion,id_pago) VALUES (468,3,'F',16,NULL);
INSERT INTO `cinestar`.`asiento`(id,id_columna,id_fila,id_funcion,id_pago) VALUES (469,4,'A',16,NULL);
INSERT INTO `cinestar`.`asiento`(id,id_columna,id_fila,id_funcion,id_pago) VALUES (470,4,'B',16,NULL);
INSERT INTO `cinestar`.`asiento`(id,id_columna,id_fila,id_funcion,id_pago) VALUES (471,4,'C',16,NULL);
INSERT INTO `cinestar`.`asiento`(id,id_columna,id_fila,id_funcion,id_pago) VALUES (472,4,'D',16,NULL);
INSERT INTO `cinestar`.`asiento`(id,id_columna,id_fila,id_funcion,id_pago) VALUES (473,4,'E',16,NULL);
INSERT INTO `cinestar`.`asiento`(id,id_columna,id_fila,id_funcion,id_pago) VALUES (474,4,'F',16,NULL);
INSERT INTO `cinestar`.`asiento`(id,id_columna,id_fila,id_funcion,id_pago) VALUES (475,5,'A',16,NULL);
INSERT INTO `cinestar`.`asiento`(id,id_columna,id_fila,id_funcion,id_pago) VALUES (476,5,'B',16,NULL);
INSERT INTO `cinestar`.`asiento`(id,id_columna,id_fila,id_funcion,id_pago) VALUES (477,5,'C',16,NULL);
INSERT INTO `cinestar`.`asiento`(id,id_columna,id_fila,id_funcion,id_pago) VALUES (478,5,'D',16,NULL);
INSERT INTO `cinestar`.`asiento`(id,id_columna,id_fila,id_funcion,id_pago) VALUES (479,5,'E',16,NULL);
INSERT INTO `cinestar`.`asiento`(id,id_columna,id_fila,id_funcion,id_pago) VALUES (480,5,'F',16,NULL);
INSERT INTO `cinestar`.`asiento`(id,id_columna,id_fila,id_funcion,id_pago) VALUES (481,1,'A',17,NULL);
INSERT INTO `cinestar`.`asiento`(id,id_columna,id_fila,id_funcion,id_pago) VALUES (482,1,'B',17,NULL);
INSERT INTO `cinestar`.`asiento`(id,id_columna,id_fila,id_funcion,id_pago) VALUES (483,1,'C',17,NULL);
INSERT INTO `cinestar`.`asiento`(id,id_columna,id_fila,id_funcion,id_pago) VALUES (484,1,'D',17,NULL);
INSERT INTO `cinestar`.`asiento`(id,id_columna,id_fila,id_funcion,id_pago) VALUES (485,1,'E',17,NULL);
INSERT INTO `cinestar`.`asiento`(id,id_columna,id_fila,id_funcion,id_pago) VALUES (486,1,'F',17,NULL);
INSERT INTO `cinestar`.`asiento`(id,id_columna,id_fila,id_funcion,id_pago) VALUES (487,2,'A',17,NULL);
INSERT INTO `cinestar`.`asiento`(id,id_columna,id_fila,id_funcion,id_pago) VALUES (488,2,'B',17,NULL);
INSERT INTO `cinestar`.`asiento`(id,id_columna,id_fila,id_funcion,id_pago) VALUES (489,2,'C',17,NULL);
INSERT INTO `cinestar`.`asiento`(id,id_columna,id_fila,id_funcion,id_pago) VALUES (490,2,'D',17,NULL);
INSERT INTO `cinestar`.`asiento`(id,id_columna,id_fila,id_funcion,id_pago) VALUES (491,2,'E',17,NULL);
INSERT INTO `cinestar`.`asiento`(id,id_columna,id_fila,id_funcion,id_pago) VALUES (492,2,'F',17,NULL);
INSERT INTO `cinestar`.`asiento`(id,id_columna,id_fila,id_funcion,id_pago) VALUES (493,3,'A',17,NULL);
INSERT INTO `cinestar`.`asiento`(id,id_columna,id_fila,id_funcion,id_pago) VALUES (494,3,'B',17,NULL);
INSERT INTO `cinestar`.`asiento`(id,id_columna,id_fila,id_funcion,id_pago) VALUES (495,3,'C',17,NULL);
INSERT INTO `cinestar`.`asiento`(id,id_columna,id_fila,id_funcion,id_pago) VALUES (496,3,'D',17,NULL);
INSERT INTO `cinestar`.`asiento`(id,id_columna,id_fila,id_funcion,id_pago) VALUES (497,3,'E',17,NULL);
INSERT INTO `cinestar`.`asiento`(id,id_columna,id_fila,id_funcion,id_pago) VALUES (498,3,'F',17,NULL);
INSERT INTO `cinestar`.`asiento`(id,id_columna,id_fila,id_funcion,id_pago) VALUES (499,4,'A',17,NULL);
INSERT INTO `cinestar`.`asiento`(id,id_columna,id_fila,id_funcion,id_pago) VALUES (500,4,'B',17,NULL);
INSERT INTO `cinestar`.`asiento`(id,id_columna,id_fila,id_funcion,id_pago) VALUES (501,4,'C',17,NULL);
INSERT INTO `cinestar`.`asiento`(id,id_columna,id_fila,id_funcion,id_pago) VALUES (502,4,'D',17,NULL);
INSERT INTO `cinestar`.`asiento`(id,id_columna,id_fila,id_funcion,id_pago) VALUES (503,4,'E',17,NULL);
INSERT INTO `cinestar`.`asiento`(id,id_columna,id_fila,id_funcion,id_pago) VALUES (504,4,'F',17,NULL);
INSERT INTO `cinestar`.`asiento`(id,id_columna,id_fila,id_funcion,id_pago) VALUES (505,5,'A',17,NULL);
INSERT INTO `cinestar`.`asiento`(id,id_columna,id_fila,id_funcion,id_pago) VALUES (506,5,'B',17,NULL);
INSERT INTO `cinestar`.`asiento`(id,id_columna,id_fila,id_funcion,id_pago) VALUES (507,5,'C',17,NULL);
INSERT INTO `cinestar`.`asiento`(id,id_columna,id_fila,id_funcion,id_pago) VALUES (508,5,'D',17,NULL);
INSERT INTO `cinestar`.`asiento`(id,id_columna,id_fila,id_funcion,id_pago) VALUES (509,5,'E',17,NULL);
INSERT INTO `cinestar`.`asiento`(id,id_columna,id_fila,id_funcion,id_pago) VALUES (510,5,'F',17,NULL);
INSERT INTO `cinestar`.`asiento`(id,id_columna,id_fila,id_funcion,id_pago) VALUES (511,1,'A',18,NULL);
INSERT INTO `cinestar`.`asiento`(id,id_columna,id_fila,id_funcion,id_pago) VALUES (512,1,'B',18,NULL);
INSERT INTO `cinestar`.`asiento`(id,id_columna,id_fila,id_funcion,id_pago) VALUES (513,1,'C',18,NULL);
INSERT INTO `cinestar`.`asiento`(id,id_columna,id_fila,id_funcion,id_pago) VALUES (514,1,'D',18,NULL);
INSERT INTO `cinestar`.`asiento`(id,id_columna,id_fila,id_funcion,id_pago) VALUES (515,1,'E',18,NULL);
INSERT INTO `cinestar`.`asiento`(id,id_columna,id_fila,id_funcion,id_pago) VALUES (516,1,'F',18,NULL);
INSERT INTO `cinestar`.`asiento`(id,id_columna,id_fila,id_funcion,id_pago) VALUES (517,2,'A',18,NULL);
INSERT INTO `cinestar`.`asiento`(id,id_columna,id_fila,id_funcion,id_pago) VALUES (518,2,'B',18,NULL);
INSERT INTO `cinestar`.`asiento`(id,id_columna,id_fila,id_funcion,id_pago) VALUES (519,2,'C',18,NULL);
INSERT INTO `cinestar`.`asiento`(id,id_columna,id_fila,id_funcion,id_pago) VALUES (520,2,'D',18,NULL);
INSERT INTO `cinestar`.`asiento`(id,id_columna,id_fila,id_funcion,id_pago) VALUES (521,2,'E',18,NULL);
INSERT INTO `cinestar`.`asiento`(id,id_columna,id_fila,id_funcion,id_pago) VALUES (522,2,'F',18,NULL);
INSERT INTO `cinestar`.`asiento`(id,id_columna,id_fila,id_funcion,id_pago) VALUES (523,3,'A',18,NULL);
INSERT INTO `cinestar`.`asiento`(id,id_columna,id_fila,id_funcion,id_pago) VALUES (524,3,'B',18,NULL);
INSERT INTO `cinestar`.`asiento`(id,id_columna,id_fila,id_funcion,id_pago) VALUES (525,3,'C',18,NULL);
INSERT INTO `cinestar`.`asiento`(id,id_columna,id_fila,id_funcion,id_pago) VALUES (526,3,'D',18,NULL);
INSERT INTO `cinestar`.`asiento`(id,id_columna,id_fila,id_funcion,id_pago) VALUES (527,3,'E',18,NULL);
INSERT INTO `cinestar`.`asiento`(id,id_columna,id_fila,id_funcion,id_pago) VALUES (528,3,'F',18,NULL);
INSERT INTO `cinestar`.`asiento`(id,id_columna,id_fila,id_funcion,id_pago) VALUES (529,4,'A',18,NULL);
INSERT INTO `cinestar`.`asiento`(id,id_columna,id_fila,id_funcion,id_pago) VALUES (530,4,'B',18,NULL);
INSERT INTO `cinestar`.`asiento`(id,id_columna,id_fila,id_funcion,id_pago) VALUES (531,4,'C',18,NULL);
INSERT INTO `cinestar`.`asiento`(id,id_columna,id_fila,id_funcion,id_pago) VALUES (532,4,'D',18,NULL);
INSERT INTO `cinestar`.`asiento`(id,id_columna,id_fila,id_funcion,id_pago) VALUES (533,4,'E',18,NULL);
INSERT INTO `cinestar`.`asiento`(id,id_columna,id_fila,id_funcion,id_pago) VALUES (534,4,'F',18,NULL);
INSERT INTO `cinestar`.`asiento`(id,id_columna,id_fila,id_funcion,id_pago) VALUES (535,5,'A',18,NULL);
INSERT INTO `cinestar`.`asiento`(id,id_columna,id_fila,id_funcion,id_pago) VALUES (536,5,'B',18,NULL);
INSERT INTO `cinestar`.`asiento`(id,id_columna,id_fila,id_funcion,id_pago) VALUES (537,5,'C',18,NULL);
INSERT INTO `cinestar`.`asiento`(id,id_columna,id_fila,id_funcion,id_pago) VALUES (538,5,'D',18,NULL);
INSERT INTO `cinestar`.`asiento`(id,id_columna,id_fila,id_funcion,id_pago) VALUES (539,5,'E',18,NULL);
INSERT INTO `cinestar`.`asiento`(id,id_columna,id_fila,id_funcion,id_pago) VALUES (540,5,'F',18,NULL);
INSERT INTO `cinestar`.`asiento`(id,id_columna,id_fila,id_funcion,id_pago) VALUES (541,1,'A',19,NULL);
INSERT INTO `cinestar`.`asiento`(id,id_columna,id_fila,id_funcion,id_pago) VALUES (542,1,'B',19,NULL);
INSERT INTO `cinestar`.`asiento`(id,id_columna,id_fila,id_funcion,id_pago) VALUES (543,1,'C',19,NULL);
INSERT INTO `cinestar`.`asiento`(id,id_columna,id_fila,id_funcion,id_pago) VALUES (544,1,'D',19,NULL);
INSERT INTO `cinestar`.`asiento`(id,id_columna,id_fila,id_funcion,id_pago) VALUES (545,1,'E',19,NULL);
INSERT INTO `cinestar`.`asiento`(id,id_columna,id_fila,id_funcion,id_pago) VALUES (546,1,'F',19,NULL);
INSERT INTO `cinestar`.`asiento`(id,id_columna,id_fila,id_funcion,id_pago) VALUES (547,2,'A',19,NULL);
INSERT INTO `cinestar`.`asiento`(id,id_columna,id_fila,id_funcion,id_pago) VALUES (548,2,'B',19,NULL);
INSERT INTO `cinestar`.`asiento`(id,id_columna,id_fila,id_funcion,id_pago) VALUES (549,2,'C',19,NULL);
INSERT INTO `cinestar`.`asiento`(id,id_columna,id_fila,id_funcion,id_pago) VALUES (550,2,'D',19,NULL);
INSERT INTO `cinestar`.`asiento`(id,id_columna,id_fila,id_funcion,id_pago) VALUES (551,2,'E',19,NULL);
INSERT INTO `cinestar`.`asiento`(id,id_columna,id_fila,id_funcion,id_pago) VALUES (552,2,'F',19,NULL);
INSERT INTO `cinestar`.`asiento`(id,id_columna,id_fila,id_funcion,id_pago) VALUES (553,3,'A',19,NULL);
INSERT INTO `cinestar`.`asiento`(id,id_columna,id_fila,id_funcion,id_pago) VALUES (554,3,'B',19,NULL);
INSERT INTO `cinestar`.`asiento`(id,id_columna,id_fila,id_funcion,id_pago) VALUES (555,3,'C',19,NULL);
INSERT INTO `cinestar`.`asiento`(id,id_columna,id_fila,id_funcion,id_pago) VALUES (556,3,'D',19,NULL);
INSERT INTO `cinestar`.`asiento`(id,id_columna,id_fila,id_funcion,id_pago) VALUES (557,3,'E',19,NULL);
INSERT INTO `cinestar`.`asiento`(id,id_columna,id_fila,id_funcion,id_pago) VALUES (558,3,'F',19,NULL);
INSERT INTO `cinestar`.`asiento`(id,id_columna,id_fila,id_funcion,id_pago) VALUES (559,4,'A',19,NULL);
INSERT INTO `cinestar`.`asiento`(id,id_columna,id_fila,id_funcion,id_pago) VALUES (560,4,'B',19,NULL);
INSERT INTO `cinestar`.`asiento`(id,id_columna,id_fila,id_funcion,id_pago) VALUES (561,4,'C',19,NULL);
INSERT INTO `cinestar`.`asiento`(id,id_columna,id_fila,id_funcion,id_pago) VALUES (562,4,'D',19,NULL);
INSERT INTO `cinestar`.`asiento`(id,id_columna,id_fila,id_funcion,id_pago) VALUES (563,4,'E',19,NULL);
INSERT INTO `cinestar`.`asiento`(id,id_columna,id_fila,id_funcion,id_pago) VALUES (564,4,'F',19,NULL);
INSERT INTO `cinestar`.`asiento`(id,id_columna,id_fila,id_funcion,id_pago) VALUES (565,5,'A',19,NULL);
INSERT INTO `cinestar`.`asiento`(id,id_columna,id_fila,id_funcion,id_pago) VALUES (566,5,'B',19,NULL);
INSERT INTO `cinestar`.`asiento`(id,id_columna,id_fila,id_funcion,id_pago) VALUES (567,5,'C',19,NULL);
INSERT INTO `cinestar`.`asiento`(id,id_columna,id_fila,id_funcion,id_pago) VALUES (568,5,'D',19,NULL);
INSERT INTO `cinestar`.`asiento`(id,id_columna,id_fila,id_funcion,id_pago) VALUES (569,5,'E',19,NULL);
INSERT INTO `cinestar`.`asiento`(id,id_columna,id_fila,id_funcion,id_pago) VALUES (570,5,'F',19,NULL);
INSERT INTO `cinestar`.`asiento`(id,id_columna,id_fila,id_funcion,id_pago) VALUES (571,1,'A',20,NULL);
INSERT INTO `cinestar`.`asiento`(id,id_columna,id_fila,id_funcion,id_pago) VALUES (572,1,'B',20,NULL);
INSERT INTO `cinestar`.`asiento`(id,id_columna,id_fila,id_funcion,id_pago) VALUES (573,1,'C',20,NULL);
INSERT INTO `cinestar`.`asiento`(id,id_columna,id_fila,id_funcion,id_pago) VALUES (574,1,'D',20,NULL);
INSERT INTO `cinestar`.`asiento`(id,id_columna,id_fila,id_funcion,id_pago) VALUES (575,1,'E',20,NULL);
INSERT INTO `cinestar`.`asiento`(id,id_columna,id_fila,id_funcion,id_pago) VALUES (576,1,'F',20,NULL);
INSERT INTO `cinestar`.`asiento`(id,id_columna,id_fila,id_funcion,id_pago) VALUES (577,2,'A',20,NULL);
INSERT INTO `cinestar`.`asiento`(id,id_columna,id_fila,id_funcion,id_pago) VALUES (578,2,'B',20,NULL);
INSERT INTO `cinestar`.`asiento`(id,id_columna,id_fila,id_funcion,id_pago) VALUES (579,2,'C',20,NULL);
INSERT INTO `cinestar`.`asiento`(id,id_columna,id_fila,id_funcion,id_pago) VALUES (580,2,'D',20,NULL);
INSERT INTO `cinestar`.`asiento`(id,id_columna,id_fila,id_funcion,id_pago) VALUES (581,2,'E',20,NULL);
INSERT INTO `cinestar`.`asiento`(id,id_columna,id_fila,id_funcion,id_pago) VALUES (582,2,'F',20,NULL);
INSERT INTO `cinestar`.`asiento`(id,id_columna,id_fila,id_funcion,id_pago) VALUES (583,3,'A',20,NULL);
INSERT INTO `cinestar`.`asiento`(id,id_columna,id_fila,id_funcion,id_pago) VALUES (584,3,'B',20,NULL);
INSERT INTO `cinestar`.`asiento`(id,id_columna,id_fila,id_funcion,id_pago) VALUES (585,3,'C',20,NULL);
INSERT INTO `cinestar`.`asiento`(id,id_columna,id_fila,id_funcion,id_pago) VALUES (586,3,'D',20,NULL);
INSERT INTO `cinestar`.`asiento`(id,id_columna,id_fila,id_funcion,id_pago) VALUES (587,3,'E',20,NULL);
INSERT INTO `cinestar`.`asiento`(id,id_columna,id_fila,id_funcion,id_pago) VALUES (588,3,'F',20,NULL);
INSERT INTO `cinestar`.`asiento`(id,id_columna,id_fila,id_funcion,id_pago) VALUES (589,4,'A',20,NULL);
INSERT INTO `cinestar`.`asiento`(id,id_columna,id_fila,id_funcion,id_pago) VALUES (590,4,'B',20,NULL);
INSERT INTO `cinestar`.`asiento`(id,id_columna,id_fila,id_funcion,id_pago) VALUES (591,4,'C',20,NULL);
INSERT INTO `cinestar`.`asiento`(id,id_columna,id_fila,id_funcion,id_pago) VALUES (592,4,'D',20,NULL);
INSERT INTO `cinestar`.`asiento`(id,id_columna,id_fila,id_funcion,id_pago) VALUES (593,4,'E',20,NULL);
INSERT INTO `cinestar`.`asiento`(id,id_columna,id_fila,id_funcion,id_pago) VALUES (594,4,'F',20,NULL);
INSERT INTO `cinestar`.`asiento`(id,id_columna,id_fila,id_funcion,id_pago) VALUES (595,5,'A',20,NULL);
INSERT INTO `cinestar`.`asiento`(id,id_columna,id_fila,id_funcion,id_pago) VALUES (596,5,'B',20,NULL);
INSERT INTO `cinestar`.`asiento`(id,id_columna,id_fila,id_funcion,id_pago) VALUES (597,5,'C',20,NULL);
INSERT INTO `cinestar`.`asiento`(id,id_columna,id_fila,id_funcion,id_pago) VALUES (598,5,'D',20,NULL);
INSERT INTO `cinestar`.`asiento`(id,id_columna,id_fila,id_funcion,id_pago) VALUES (599,5,'E',20,NULL);
INSERT INTO `cinestar`.`asiento`(id,id_columna,id_fila,id_funcion,id_pago) VALUES (600,5,'F',20,NULL);
INSERT INTO `cinestar`.`asiento`(id,id_columna,id_fila,id_funcion,id_pago) VALUES (601,1,'A',21,NULL);
INSERT INTO `cinestar`.`asiento`(id,id_columna,id_fila,id_funcion,id_pago) VALUES (602,1,'B',21,NULL);
INSERT INTO `cinestar`.`asiento`(id,id_columna,id_fila,id_funcion,id_pago) VALUES (603,1,'C',21,NULL);
INSERT INTO `cinestar`.`asiento`(id,id_columna,id_fila,id_funcion,id_pago) VALUES (604,1,'D',21,NULL);
INSERT INTO `cinestar`.`asiento`(id,id_columna,id_fila,id_funcion,id_pago) VALUES (605,1,'E',21,NULL);
INSERT INTO `cinestar`.`asiento`(id,id_columna,id_fila,id_funcion,id_pago) VALUES (606,1,'F',21,NULL);
INSERT INTO `cinestar`.`asiento`(id,id_columna,id_fila,id_funcion,id_pago) VALUES (607,2,'A',21,NULL);
INSERT INTO `cinestar`.`asiento`(id,id_columna,id_fila,id_funcion,id_pago) VALUES (608,2,'B',21,NULL);
INSERT INTO `cinestar`.`asiento`(id,id_columna,id_fila,id_funcion,id_pago) VALUES (609,2,'C',21,NULL);
INSERT INTO `cinestar`.`asiento`(id,id_columna,id_fila,id_funcion,id_pago) VALUES (610,2,'D',21,NULL);
INSERT INTO `cinestar`.`asiento`(id,id_columna,id_fila,id_funcion,id_pago) VALUES (611,2,'E',21,NULL);
INSERT INTO `cinestar`.`asiento`(id,id_columna,id_fila,id_funcion,id_pago) VALUES (612,2,'F',21,NULL);
INSERT INTO `cinestar`.`asiento`(id,id_columna,id_fila,id_funcion,id_pago) VALUES (613,3,'A',21,NULL);
INSERT INTO `cinestar`.`asiento`(id,id_columna,id_fila,id_funcion,id_pago) VALUES (614,3,'B',21,NULL);
INSERT INTO `cinestar`.`asiento`(id,id_columna,id_fila,id_funcion,id_pago) VALUES (615,3,'C',21,NULL);
INSERT INTO `cinestar`.`asiento`(id,id_columna,id_fila,id_funcion,id_pago) VALUES (616,3,'D',21,NULL);
INSERT INTO `cinestar`.`asiento`(id,id_columna,id_fila,id_funcion,id_pago) VALUES (617,3,'E',21,NULL);
INSERT INTO `cinestar`.`asiento`(id,id_columna,id_fila,id_funcion,id_pago) VALUES (618,3,'F',21,NULL);
INSERT INTO `cinestar`.`asiento`(id,id_columna,id_fila,id_funcion,id_pago) VALUES (619,4,'A',21,NULL);
INSERT INTO `cinestar`.`asiento`(id,id_columna,id_fila,id_funcion,id_pago) VALUES (620,4,'B',21,NULL);
INSERT INTO `cinestar`.`asiento`(id,id_columna,id_fila,id_funcion,id_pago) VALUES (621,4,'C',21,NULL);
INSERT INTO `cinestar`.`asiento`(id,id_columna,id_fila,id_funcion,id_pago) VALUES (622,4,'D',21,NULL);
INSERT INTO `cinestar`.`asiento`(id,id_columna,id_fila,id_funcion,id_pago) VALUES (623,4,'E',21,NULL);
INSERT INTO `cinestar`.`asiento`(id,id_columna,id_fila,id_funcion,id_pago) VALUES (624,4,'F',21,NULL);
INSERT INTO `cinestar`.`asiento`(id,id_columna,id_fila,id_funcion,id_pago) VALUES (625,5,'A',21,NULL);
INSERT INTO `cinestar`.`asiento`(id,id_columna,id_fila,id_funcion,id_pago) VALUES (626,5,'B',21,NULL);
INSERT INTO `cinestar`.`asiento`(id,id_columna,id_fila,id_funcion,id_pago) VALUES (627,5,'C',21,NULL);
INSERT INTO `cinestar`.`asiento`(id,id_columna,id_fila,id_funcion,id_pago) VALUES (628,5,'D',21,NULL);
INSERT INTO `cinestar`.`asiento`(id,id_columna,id_fila,id_funcion,id_pago) VALUES (629,5,'E',21,NULL);
INSERT INTO `cinestar`.`asiento`(id,id_columna,id_fila,id_funcion,id_pago) VALUES (630,5,'F',21,NULL);
INSERT INTO `cinestar`.`asiento`(id,id_columna,id_fila,id_funcion,id_pago) VALUES (631,1,'A',22,NULL);
INSERT INTO `cinestar`.`asiento`(id,id_columna,id_fila,id_funcion,id_pago) VALUES (632,1,'B',22,NULL);
INSERT INTO `cinestar`.`asiento`(id,id_columna,id_fila,id_funcion,id_pago) VALUES (633,1,'C',22,NULL);
INSERT INTO `cinestar`.`asiento`(id,id_columna,id_fila,id_funcion,id_pago) VALUES (634,1,'D',22,NULL);
INSERT INTO `cinestar`.`asiento`(id,id_columna,id_fila,id_funcion,id_pago) VALUES (635,1,'E',22,NULL);
INSERT INTO `cinestar`.`asiento`(id,id_columna,id_fila,id_funcion,id_pago) VALUES (636,1,'F',22,NULL);
INSERT INTO `cinestar`.`asiento`(id,id_columna,id_fila,id_funcion,id_pago) VALUES (637,2,'A',22,NULL);
INSERT INTO `cinestar`.`asiento`(id,id_columna,id_fila,id_funcion,id_pago) VALUES (638,2,'B',22,NULL);
INSERT INTO `cinestar`.`asiento`(id,id_columna,id_fila,id_funcion,id_pago) VALUES (639,2,'C',22,NULL);
INSERT INTO `cinestar`.`asiento`(id,id_columna,id_fila,id_funcion,id_pago) VALUES (640,2,'D',22,NULL);
INSERT INTO `cinestar`.`asiento`(id,id_columna,id_fila,id_funcion,id_pago) VALUES (641,2,'E',22,NULL);
INSERT INTO `cinestar`.`asiento`(id,id_columna,id_fila,id_funcion,id_pago) VALUES (642,2,'F',22,NULL);
INSERT INTO `cinestar`.`asiento`(id,id_columna,id_fila,id_funcion,id_pago) VALUES (643,3,'A',22,NULL);
INSERT INTO `cinestar`.`asiento`(id,id_columna,id_fila,id_funcion,id_pago) VALUES (644,3,'B',22,NULL);
INSERT INTO `cinestar`.`asiento`(id,id_columna,id_fila,id_funcion,id_pago) VALUES (645,3,'C',22,NULL);
INSERT INTO `cinestar`.`asiento`(id,id_columna,id_fila,id_funcion,id_pago) VALUES (646,3,'D',22,NULL);
INSERT INTO `cinestar`.`asiento`(id,id_columna,id_fila,id_funcion,id_pago) VALUES (647,3,'E',22,NULL);
INSERT INTO `cinestar`.`asiento`(id,id_columna,id_fila,id_funcion,id_pago) VALUES (648,3,'F',22,NULL);
INSERT INTO `cinestar`.`asiento`(id,id_columna,id_fila,id_funcion,id_pago) VALUES (649,4,'A',22,NULL);
INSERT INTO `cinestar`.`asiento`(id,id_columna,id_fila,id_funcion,id_pago) VALUES (650,4,'B',22,NULL);
INSERT INTO `cinestar`.`asiento`(id,id_columna,id_fila,id_funcion,id_pago) VALUES (651,4,'C',22,NULL);
INSERT INTO `cinestar`.`asiento`(id,id_columna,id_fila,id_funcion,id_pago) VALUES (652,4,'D',22,NULL);
INSERT INTO `cinestar`.`asiento`(id,id_columna,id_fila,id_funcion,id_pago) VALUES (653,4,'E',22,NULL);
INSERT INTO `cinestar`.`asiento`(id,id_columna,id_fila,id_funcion,id_pago) VALUES (654,4,'F',22,NULL);
INSERT INTO `cinestar`.`asiento`(id,id_columna,id_fila,id_funcion,id_pago) VALUES (655,5,'A',22,NULL);
INSERT INTO `cinestar`.`asiento`(id,id_columna,id_fila,id_funcion,id_pago) VALUES (656,5,'B',22,NULL);
INSERT INTO `cinestar`.`asiento`(id,id_columna,id_fila,id_funcion,id_pago) VALUES (657,5,'C',22,NULL);
INSERT INTO `cinestar`.`asiento`(id,id_columna,id_fila,id_funcion,id_pago) VALUES (658,5,'D',22,NULL);
INSERT INTO `cinestar`.`asiento`(id,id_columna,id_fila,id_funcion,id_pago) VALUES (659,5,'E',22,NULL);
INSERT INTO `cinestar`.`asiento`(id,id_columna,id_fila,id_funcion,id_pago) VALUES (660,5,'F',22,NULL);
INSERT INTO `cinestar`.`asiento`(id,id_columna,id_fila,id_funcion,id_pago) VALUES (661,1,'A',23,NULL);
INSERT INTO `cinestar`.`asiento`(id,id_columna,id_fila,id_funcion,id_pago) VALUES (662,1,'B',23,NULL);
INSERT INTO `cinestar`.`asiento`(id,id_columna,id_fila,id_funcion,id_pago) VALUES (663,1,'C',23,NULL);
INSERT INTO `cinestar`.`asiento`(id,id_columna,id_fila,id_funcion,id_pago) VALUES (664,1,'D',23,NULL);
INSERT INTO `cinestar`.`asiento`(id,id_columna,id_fila,id_funcion,id_pago) VALUES (665,1,'E',23,NULL);
INSERT INTO `cinestar`.`asiento`(id,id_columna,id_fila,id_funcion,id_pago) VALUES (666,1,'F',23,NULL);
INSERT INTO `cinestar`.`asiento`(id,id_columna,id_fila,id_funcion,id_pago) VALUES (667,2,'A',23,NULL);
INSERT INTO `cinestar`.`asiento`(id,id_columna,id_fila,id_funcion,id_pago) VALUES (668,2,'B',23,NULL);
INSERT INTO `cinestar`.`asiento`(id,id_columna,id_fila,id_funcion,id_pago) VALUES (669,2,'C',23,NULL);
INSERT INTO `cinestar`.`asiento`(id,id_columna,id_fila,id_funcion,id_pago) VALUES (670,2,'D',23,NULL);
INSERT INTO `cinestar`.`asiento`(id,id_columna,id_fila,id_funcion,id_pago) VALUES (671,2,'E',23,NULL);
INSERT INTO `cinestar`.`asiento`(id,id_columna,id_fila,id_funcion,id_pago) VALUES (672,2,'F',23,NULL);
INSERT INTO `cinestar`.`asiento`(id,id_columna,id_fila,id_funcion,id_pago) VALUES (673,3,'A',23,NULL);
INSERT INTO `cinestar`.`asiento`(id,id_columna,id_fila,id_funcion,id_pago) VALUES (674,3,'B',23,NULL);
INSERT INTO `cinestar`.`asiento`(id,id_columna,id_fila,id_funcion,id_pago) VALUES (675,3,'C',23,NULL);
INSERT INTO `cinestar`.`asiento`(id,id_columna,id_fila,id_funcion,id_pago) VALUES (676,3,'D',23,NULL);
INSERT INTO `cinestar`.`asiento`(id,id_columna,id_fila,id_funcion,id_pago) VALUES (677,3,'E',23,NULL);
INSERT INTO `cinestar`.`asiento`(id,id_columna,id_fila,id_funcion,id_pago) VALUES (678,3,'F',23,NULL);
INSERT INTO `cinestar`.`asiento`(id,id_columna,id_fila,id_funcion,id_pago) VALUES (679,4,'A',23,NULL);
INSERT INTO `cinestar`.`asiento`(id,id_columna,id_fila,id_funcion,id_pago) VALUES (680,4,'B',23,NULL);
INSERT INTO `cinestar`.`asiento`(id,id_columna,id_fila,id_funcion,id_pago) VALUES (681,4,'C',23,NULL);
INSERT INTO `cinestar`.`asiento`(id,id_columna,id_fila,id_funcion,id_pago) VALUES (682,4,'D',23,NULL);
INSERT INTO `cinestar`.`asiento`(id,id_columna,id_fila,id_funcion,id_pago) VALUES (683,4,'E',23,NULL);
INSERT INTO `cinestar`.`asiento`(id,id_columna,id_fila,id_funcion,id_pago) VALUES (684,4,'F',23,NULL);
INSERT INTO `cinestar`.`asiento`(id,id_columna,id_fila,id_funcion,id_pago) VALUES (685,5,'A',23,NULL);
INSERT INTO `cinestar`.`asiento`(id,id_columna,id_fila,id_funcion,id_pago) VALUES (686,5,'B',23,NULL);
INSERT INTO `cinestar`.`asiento`(id,id_columna,id_fila,id_funcion,id_pago) VALUES (687,5,'C',23,NULL);
INSERT INTO `cinestar`.`asiento`(id,id_columna,id_fila,id_funcion,id_pago) VALUES (688,5,'D',23,NULL);
INSERT INTO `cinestar`.`asiento`(id,id_columna,id_fila,id_funcion,id_pago) VALUES (689,5,'E',23,NULL);
INSERT INTO `cinestar`.`asiento`(id,id_columna,id_fila,id_funcion,id_pago) VALUES (690,5,'F',23,NULL);
INSERT INTO `cinestar`.`asiento`(id,id_columna,id_fila,id_funcion,id_pago) VALUES (691,1,'A',24,NULL);
INSERT INTO `cinestar`.`asiento`(id,id_columna,id_fila,id_funcion,id_pago) VALUES (692,1,'B',24,NULL);
INSERT INTO `cinestar`.`asiento`(id,id_columna,id_fila,id_funcion,id_pago) VALUES (693,1,'C',24,NULL);
INSERT INTO `cinestar`.`asiento`(id,id_columna,id_fila,id_funcion,id_pago) VALUES (694,1,'D',24,NULL);
INSERT INTO `cinestar`.`asiento`(id,id_columna,id_fila,id_funcion,id_pago) VALUES (695,1,'E',24,NULL);
INSERT INTO `cinestar`.`asiento`(id,id_columna,id_fila,id_funcion,id_pago) VALUES (696,1,'F',24,NULL);
INSERT INTO `cinestar`.`asiento`(id,id_columna,id_fila,id_funcion,id_pago) VALUES (697,2,'A',24,NULL);
INSERT INTO `cinestar`.`asiento`(id,id_columna,id_fila,id_funcion,id_pago) VALUES (698,2,'B',24,NULL);
INSERT INTO `cinestar`.`asiento`(id,id_columna,id_fila,id_funcion,id_pago) VALUES (699,2,'C',24,NULL);
INSERT INTO `cinestar`.`asiento`(id,id_columna,id_fila,id_funcion,id_pago) VALUES (700,2,'D',24,NULL);
INSERT INTO `cinestar`.`asiento`(id,id_columna,id_fila,id_funcion,id_pago) VALUES (701,2,'E',24,NULL);
INSERT INTO `cinestar`.`asiento`(id,id_columna,id_fila,id_funcion,id_pago) VALUES (702,2,'F',24,NULL);
INSERT INTO `cinestar`.`asiento`(id,id_columna,id_fila,id_funcion,id_pago) VALUES (703,3,'A',24,NULL);
INSERT INTO `cinestar`.`asiento`(id,id_columna,id_fila,id_funcion,id_pago) VALUES (704,3,'B',24,NULL);
INSERT INTO `cinestar`.`asiento`(id,id_columna,id_fila,id_funcion,id_pago) VALUES (705,3,'C',24,NULL);
INSERT INTO `cinestar`.`asiento`(id,id_columna,id_fila,id_funcion,id_pago) VALUES (706,3,'D',24,NULL);
INSERT INTO `cinestar`.`asiento`(id,id_columna,id_fila,id_funcion,id_pago) VALUES (707,3,'E',24,NULL);
INSERT INTO `cinestar`.`asiento`(id,id_columna,id_fila,id_funcion,id_pago) VALUES (708,3,'F',24,NULL);
INSERT INTO `cinestar`.`asiento`(id,id_columna,id_fila,id_funcion,id_pago) VALUES (709,4,'A',24,NULL);
INSERT INTO `cinestar`.`asiento`(id,id_columna,id_fila,id_funcion,id_pago) VALUES (710,4,'B',24,NULL);
INSERT INTO `cinestar`.`asiento`(id,id_columna,id_fila,id_funcion,id_pago) VALUES (711,4,'C',24,NULL);
INSERT INTO `cinestar`.`asiento`(id,id_columna,id_fila,id_funcion,id_pago) VALUES (712,4,'D',24,NULL);
INSERT INTO `cinestar`.`asiento`(id,id_columna,id_fila,id_funcion,id_pago) VALUES (713,4,'E',24,NULL);
INSERT INTO `cinestar`.`asiento`(id,id_columna,id_fila,id_funcion,id_pago) VALUES (714,4,'F',24,NULL);
INSERT INTO `cinestar`.`asiento`(id,id_columna,id_fila,id_funcion,id_pago) VALUES (715,5,'A',24,NULL);
INSERT INTO `cinestar`.`asiento`(id,id_columna,id_fila,id_funcion,id_pago) VALUES (716,5,'B',24,NULL);
INSERT INTO `cinestar`.`asiento`(id,id_columna,id_fila,id_funcion,id_pago) VALUES (717,5,'C',24,NULL);
INSERT INTO `cinestar`.`asiento`(id,id_columna,id_fila,id_funcion,id_pago) VALUES (718,5,'D',24,NULL);
INSERT INTO `cinestar`.`asiento`(id,id_columna,id_fila,id_funcion,id_pago) VALUES (719,5,'E',24,NULL);
INSERT INTO `cinestar`.`asiento`(id,id_columna,id_fila,id_funcion,id_pago) VALUES (720,5,'F',24,NULL);
INSERT INTO `cinestar`.`asiento`(id,id_columna,id_fila,id_funcion,id_pago) VALUES (721,1,'A',25,NULL);
INSERT INTO `cinestar`.`asiento`(id,id_columna,id_fila,id_funcion,id_pago) VALUES (722,1,'B',25,NULL);
INSERT INTO `cinestar`.`asiento`(id,id_columna,id_fila,id_funcion,id_pago) VALUES (723,1,'C',25,NULL);
INSERT INTO `cinestar`.`asiento`(id,id_columna,id_fila,id_funcion,id_pago) VALUES (724,1,'D',25,NULL);
INSERT INTO `cinestar`.`asiento`(id,id_columna,id_fila,id_funcion,id_pago) VALUES (725,1,'E',25,NULL);
INSERT INTO `cinestar`.`asiento`(id,id_columna,id_fila,id_funcion,id_pago) VALUES (726,1,'F',25,NULL);
INSERT INTO `cinestar`.`asiento`(id,id_columna,id_fila,id_funcion,id_pago) VALUES (727,2,'A',25,NULL);
INSERT INTO `cinestar`.`asiento`(id,id_columna,id_fila,id_funcion,id_pago) VALUES (728,2,'B',25,NULL);
INSERT INTO `cinestar`.`asiento`(id,id_columna,id_fila,id_funcion,id_pago) VALUES (729,2,'C',25,NULL);
INSERT INTO `cinestar`.`asiento`(id,id_columna,id_fila,id_funcion,id_pago) VALUES (730,2,'D',25,NULL);
INSERT INTO `cinestar`.`asiento`(id,id_columna,id_fila,id_funcion,id_pago) VALUES (731,2,'E',25,NULL);
INSERT INTO `cinestar`.`asiento`(id,id_columna,id_fila,id_funcion,id_pago) VALUES (732,2,'F',25,NULL);
INSERT INTO `cinestar`.`asiento`(id,id_columna,id_fila,id_funcion,id_pago) VALUES (733,3,'A',25,NULL);
INSERT INTO `cinestar`.`asiento`(id,id_columna,id_fila,id_funcion,id_pago) VALUES (734,3,'B',25,NULL);
INSERT INTO `cinestar`.`asiento`(id,id_columna,id_fila,id_funcion,id_pago) VALUES (735,3,'C',25,NULL);
INSERT INTO `cinestar`.`asiento`(id,id_columna,id_fila,id_funcion,id_pago) VALUES (736,3,'D',25,NULL);
INSERT INTO `cinestar`.`asiento`(id,id_columna,id_fila,id_funcion,id_pago) VALUES (737,3,'E',25,NULL);
INSERT INTO `cinestar`.`asiento`(id,id_columna,id_fila,id_funcion,id_pago) VALUES (738,3,'F',25,NULL);
INSERT INTO `cinestar`.`asiento`(id,id_columna,id_fila,id_funcion,id_pago) VALUES (739,4,'A',25,NULL);
INSERT INTO `cinestar`.`asiento`(id,id_columna,id_fila,id_funcion,id_pago) VALUES (740,4,'B',25,NULL);
INSERT INTO `cinestar`.`asiento`(id,id_columna,id_fila,id_funcion,id_pago) VALUES (741,4,'C',25,NULL);
INSERT INTO `cinestar`.`asiento`(id,id_columna,id_fila,id_funcion,id_pago) VALUES (742,4,'D',25,NULL);
INSERT INTO `cinestar`.`asiento`(id,id_columna,id_fila,id_funcion,id_pago) VALUES (743,4,'E',25,NULL);
INSERT INTO `cinestar`.`asiento`(id,id_columna,id_fila,id_funcion,id_pago) VALUES (744,4,'F',25,NULL);
INSERT INTO `cinestar`.`asiento`(id,id_columna,id_fila,id_funcion,id_pago) VALUES (745,5,'A',25,NULL);
INSERT INTO `cinestar`.`asiento`(id,id_columna,id_fila,id_funcion,id_pago) VALUES (746,5,'B',25,NULL);
INSERT INTO `cinestar`.`asiento`(id,id_columna,id_fila,id_funcion,id_pago) VALUES (747,5,'C',25,NULL);
INSERT INTO `cinestar`.`asiento`(id,id_columna,id_fila,id_funcion,id_pago) VALUES (748,5,'D',25,NULL);
INSERT INTO `cinestar`.`asiento`(id,id_columna,id_fila,id_funcion,id_pago) VALUES (749,5,'E',25,NULL);
INSERT INTO `cinestar`.`asiento`(id,id_columna,id_fila,id_funcion,id_pago) VALUES (750,5,'F',25,NULL);
INSERT INTO `cinestar`.`asiento`(id,id_columna,id_fila,id_funcion,id_pago) VALUES (751,1,'A',26,NULL);
INSERT INTO `cinestar`.`asiento`(id,id_columna,id_fila,id_funcion,id_pago) VALUES (752,1,'B',26,NULL);
INSERT INTO `cinestar`.`asiento`(id,id_columna,id_fila,id_funcion,id_pago) VALUES (753,1,'C',26,NULL);
INSERT INTO `cinestar`.`asiento`(id,id_columna,id_fila,id_funcion,id_pago) VALUES (754,1,'D',26,NULL);
INSERT INTO `cinestar`.`asiento`(id,id_columna,id_fila,id_funcion,id_pago) VALUES (755,1,'E',26,NULL);
INSERT INTO `cinestar`.`asiento`(id,id_columna,id_fila,id_funcion,id_pago) VALUES (756,1,'F',26,NULL);
INSERT INTO `cinestar`.`asiento`(id,id_columna,id_fila,id_funcion,id_pago) VALUES (757,2,'A',26,NULL);
INSERT INTO `cinestar`.`asiento`(id,id_columna,id_fila,id_funcion,id_pago) VALUES (758,2,'B',26,NULL);
INSERT INTO `cinestar`.`asiento`(id,id_columna,id_fila,id_funcion,id_pago) VALUES (759,2,'C',26,NULL);
INSERT INTO `cinestar`.`asiento`(id,id_columna,id_fila,id_funcion,id_pago) VALUES (760,2,'D',26,NULL);
INSERT INTO `cinestar`.`asiento`(id,id_columna,id_fila,id_funcion,id_pago) VALUES (761,2,'E',26,NULL);
INSERT INTO `cinestar`.`asiento`(id,id_columna,id_fila,id_funcion,id_pago) VALUES (762,2,'F',26,NULL);
INSERT INTO `cinestar`.`asiento`(id,id_columna,id_fila,id_funcion,id_pago) VALUES (763,3,'A',26,NULL);
INSERT INTO `cinestar`.`asiento`(id,id_columna,id_fila,id_funcion,id_pago) VALUES (764,3,'B',26,NULL);
INSERT INTO `cinestar`.`asiento`(id,id_columna,id_fila,id_funcion,id_pago) VALUES (765,3,'C',26,NULL);
INSERT INTO `cinestar`.`asiento`(id,id_columna,id_fila,id_funcion,id_pago) VALUES (766,3,'D',26,NULL);
INSERT INTO `cinestar`.`asiento`(id,id_columna,id_fila,id_funcion,id_pago) VALUES (767,3,'E',26,NULL);
INSERT INTO `cinestar`.`asiento`(id,id_columna,id_fila,id_funcion,id_pago) VALUES (768,3,'F',26,NULL);
INSERT INTO `cinestar`.`asiento`(id,id_columna,id_fila,id_funcion,id_pago) VALUES (769,4,'A',26,NULL);
INSERT INTO `cinestar`.`asiento`(id,id_columna,id_fila,id_funcion,id_pago) VALUES (770,4,'B',26,NULL);
INSERT INTO `cinestar`.`asiento`(id,id_columna,id_fila,id_funcion,id_pago) VALUES (771,4,'C',26,NULL);
INSERT INTO `cinestar`.`asiento`(id,id_columna,id_fila,id_funcion,id_pago) VALUES (772,4,'D',26,NULL);
INSERT INTO `cinestar`.`asiento`(id,id_columna,id_fila,id_funcion,id_pago) VALUES (773,4,'E',26,NULL);
INSERT INTO `cinestar`.`asiento`(id,id_columna,id_fila,id_funcion,id_pago) VALUES (774,4,'F',26,NULL);
INSERT INTO `cinestar`.`asiento`(id,id_columna,id_fila,id_funcion,id_pago) VALUES (775,5,'A',26,NULL);
INSERT INTO `cinestar`.`asiento`(id,id_columna,id_fila,id_funcion,id_pago) VALUES (776,5,'B',26,NULL);
INSERT INTO `cinestar`.`asiento`(id,id_columna,id_fila,id_funcion,id_pago) VALUES (777,5,'C',26,NULL);
INSERT INTO `cinestar`.`asiento`(id,id_columna,id_fila,id_funcion,id_pago) VALUES (778,5,'D',26,NULL);
INSERT INTO `cinestar`.`asiento`(id,id_columna,id_fila,id_funcion,id_pago) VALUES (779,5,'E',26,NULL);
INSERT INTO `cinestar`.`asiento`(id,id_columna,id_fila,id_funcion,id_pago) VALUES (780,5,'F',26,NULL);
INSERT INTO `cinestar`.`asiento`(id,id_columna,id_fila,id_funcion,id_pago) VALUES (781,1,'A',27,NULL);
INSERT INTO `cinestar`.`asiento`(id,id_columna,id_fila,id_funcion,id_pago) VALUES (782,1,'B',27,NULL);
INSERT INTO `cinestar`.`asiento`(id,id_columna,id_fila,id_funcion,id_pago) VALUES (783,1,'C',27,NULL);
INSERT INTO `cinestar`.`asiento`(id,id_columna,id_fila,id_funcion,id_pago) VALUES (784,1,'D',27,NULL);
INSERT INTO `cinestar`.`asiento`(id,id_columna,id_fila,id_funcion,id_pago) VALUES (785,1,'E',27,NULL);
INSERT INTO `cinestar`.`asiento`(id,id_columna,id_fila,id_funcion,id_pago) VALUES (786,1,'F',27,NULL);
INSERT INTO `cinestar`.`asiento`(id,id_columna,id_fila,id_funcion,id_pago) VALUES (787,2,'A',27,NULL);
INSERT INTO `cinestar`.`asiento`(id,id_columna,id_fila,id_funcion,id_pago) VALUES (788,2,'B',27,NULL);
INSERT INTO `cinestar`.`asiento`(id,id_columna,id_fila,id_funcion,id_pago) VALUES (789,2,'C',27,NULL);
INSERT INTO `cinestar`.`asiento`(id,id_columna,id_fila,id_funcion,id_pago) VALUES (790,2,'D',27,NULL);
INSERT INTO `cinestar`.`asiento`(id,id_columna,id_fila,id_funcion,id_pago) VALUES (791,2,'E',27,NULL);
INSERT INTO `cinestar`.`asiento`(id,id_columna,id_fila,id_funcion,id_pago) VALUES (792,2,'F',27,NULL);
INSERT INTO `cinestar`.`asiento`(id,id_columna,id_fila,id_funcion,id_pago) VALUES (793,3,'A',27,NULL);
INSERT INTO `cinestar`.`asiento`(id,id_columna,id_fila,id_funcion,id_pago) VALUES (794,3,'B',27,NULL);
INSERT INTO `cinestar`.`asiento`(id,id_columna,id_fila,id_funcion,id_pago) VALUES (795,3,'C',27,NULL);
INSERT INTO `cinestar`.`asiento`(id,id_columna,id_fila,id_funcion,id_pago) VALUES (796,3,'D',27,NULL);
INSERT INTO `cinestar`.`asiento`(id,id_columna,id_fila,id_funcion,id_pago) VALUES (797,3,'E',27,NULL);
INSERT INTO `cinestar`.`asiento`(id,id_columna,id_fila,id_funcion,id_pago) VALUES (798,3,'F',27,NULL);
INSERT INTO `cinestar`.`asiento`(id,id_columna,id_fila,id_funcion,id_pago) VALUES (799,4,'A',27,NULL);
INSERT INTO `cinestar`.`asiento`(id,id_columna,id_fila,id_funcion,id_pago) VALUES (800,4,'B',27,NULL);
INSERT INTO `cinestar`.`asiento`(id,id_columna,id_fila,id_funcion,id_pago) VALUES (801,4,'C',27,NULL);
INSERT INTO `cinestar`.`asiento`(id,id_columna,id_fila,id_funcion,id_pago) VALUES (802,4,'D',27,NULL);
INSERT INTO `cinestar`.`asiento`(id,id_columna,id_fila,id_funcion,id_pago) VALUES (803,4,'E',27,NULL);
INSERT INTO `cinestar`.`asiento`(id,id_columna,id_fila,id_funcion,id_pago) VALUES (804,4,'F',27,NULL);
INSERT INTO `cinestar`.`asiento`(id,id_columna,id_fila,id_funcion,id_pago) VALUES (805,5,'A',27,NULL);
INSERT INTO `cinestar`.`asiento`(id,id_columna,id_fila,id_funcion,id_pago) VALUES (806,5,'B',27,NULL);
INSERT INTO `cinestar`.`asiento`(id,id_columna,id_fila,id_funcion,id_pago) VALUES (807,5,'C',27,NULL);
INSERT INTO `cinestar`.`asiento`(id,id_columna,id_fila,id_funcion,id_pago) VALUES (808,5,'D',27,NULL);
INSERT INTO `cinestar`.`asiento`(id,id_columna,id_fila,id_funcion,id_pago) VALUES (809,5,'E',27,NULL);
INSERT INTO `cinestar`.`asiento`(id,id_columna,id_fila,id_funcion,id_pago) VALUES (810,5,'F',27,NULL);
INSERT INTO `cinestar`.`asiento`(id,id_columna,id_fila,id_funcion,id_pago) VALUES (811,1,'A',28,NULL);
INSERT INTO `cinestar`.`asiento`(id,id_columna,id_fila,id_funcion,id_pago) VALUES (812,1,'B',28,NULL);
INSERT INTO `cinestar`.`asiento`(id,id_columna,id_fila,id_funcion,id_pago) VALUES (813,1,'C',28,NULL);
INSERT INTO `cinestar`.`asiento`(id,id_columna,id_fila,id_funcion,id_pago) VALUES (814,1,'D',28,NULL);
INSERT INTO `cinestar`.`asiento`(id,id_columna,id_fila,id_funcion,id_pago) VALUES (815,1,'E',28,NULL);
INSERT INTO `cinestar`.`asiento`(id,id_columna,id_fila,id_funcion,id_pago) VALUES (816,1,'F',28,NULL);
INSERT INTO `cinestar`.`asiento`(id,id_columna,id_fila,id_funcion,id_pago) VALUES (817,2,'A',28,NULL);
INSERT INTO `cinestar`.`asiento`(id,id_columna,id_fila,id_funcion,id_pago) VALUES (818,2,'B',28,NULL);
INSERT INTO `cinestar`.`asiento`(id,id_columna,id_fila,id_funcion,id_pago) VALUES (819,2,'C',28,NULL);
INSERT INTO `cinestar`.`asiento`(id,id_columna,id_fila,id_funcion,id_pago) VALUES (821,2,'E',28,NULL);
INSERT INTO `cinestar`.`asiento`(id,id_columna,id_fila,id_funcion,id_pago) VALUES (822,2,'F',28,NULL);
INSERT INTO `cinestar`.`asiento`(id,id_columna,id_fila,id_funcion,id_pago) VALUES (823,3,'A',28,NULL);
INSERT INTO `cinestar`.`asiento`(id,id_columna,id_fila,id_funcion,id_pago) VALUES (824,3,'B',28,NULL);
INSERT INTO `cinestar`.`asiento`(id,id_columna,id_fila,id_funcion,id_pago) VALUES (825,3,'C',28,NULL);
INSERT INTO `cinestar`.`asiento`(id,id_columna,id_fila,id_funcion,id_pago) VALUES (826,3,'D',28,NULL);
INSERT INTO `cinestar`.`asiento`(id,id_columna,id_fila,id_funcion,id_pago) VALUES (827,3,'E',28,NULL);
INSERT INTO `cinestar`.`asiento`(id,id_columna,id_fila,id_funcion,id_pago) VALUES (828,3,'F',28,NULL);
INSERT INTO `cinestar`.`asiento`(id,id_columna,id_fila,id_funcion,id_pago) VALUES (829,4,'A',28,NULL);
INSERT INTO `cinestar`.`asiento`(id,id_columna,id_fila,id_funcion,id_pago) VALUES (830,4,'B',28,NULL);
INSERT INTO `cinestar`.`asiento`(id,id_columna,id_fila,id_funcion,id_pago) VALUES (831,4,'C',28,NULL);
INSERT INTO `cinestar`.`asiento`(id,id_columna,id_fila,id_funcion,id_pago) VALUES (832,4,'D',28,NULL);
INSERT INTO `cinestar`.`asiento`(id,id_columna,id_fila,id_funcion,id_pago) VALUES (833,4,'E',28,NULL);
INSERT INTO `cinestar`.`asiento`(id,id_columna,id_fila,id_funcion,id_pago) VALUES (834,4,'F',28,NULL);
INSERT INTO `cinestar`.`asiento`(id,id_columna,id_fila,id_funcion,id_pago) VALUES (835,5,'A',28,NULL);
INSERT INTO `cinestar`.`asiento`(id,id_columna,id_fila,id_funcion,id_pago) VALUES (836,5,'B',28,NULL);
INSERT INTO `cinestar`.`asiento`(id,id_columna,id_fila,id_funcion,id_pago) VALUES (837,5,'C',28,NULL);
INSERT INTO `cinestar`.`asiento`(id,id_columna,id_fila,id_funcion,id_pago) VALUES (838,5,'D',28,NULL);
INSERT INTO `cinestar`.`asiento`(id,id_columna,id_fila,id_funcion,id_pago) VALUES (839,5,'E',28,NULL);
INSERT INTO `cinestar`.`asiento`(id,id_columna,id_fila,id_funcion,id_pago) VALUES (840,5,'F',28,NULL);


insert into `cinestar`.`usuario` (id, enabled, password, username) values (1, 1, 'VEx2GFHaY', 'gmcphilemy0');
insert into `cinestar`.`usuario` (id, enabled, password, username) values (2, 1, 'tKEB90', 'jbraney1');
insert into `cinestar`.`usuario` (id, enabled, password, username) values (3, 1, 'e2URul8pF', 'kpriscott2');
insert into `cinestar`.`usuario` (id, enabled, password, username) values (4, 1, 'ofaVwfMsT', 'mcolquite3');
insert into `cinestar`.`usuario` (id, enabled, password, username) values (5, 1, '9lDrkWhBlw', 'ntomczykiewicz4');
insert into `cinestar`.`usuario` (id, enabled, password, username) values (6, 1, 'xJQZZpRkNb0n', 'ktranfield5');
insert into `cinestar`.`usuario` (id, enabled, password, username) values (7, 1, 'VeOeD17MF', 'gbreinl6');
insert into `cinestar`.`usuario` (id, enabled, password, username) values (8, 1, 'kTBSGR9cdPFb', 'tredler7');
insert into `cinestar`.`usuario` (id, enabled, password, username) values (9, 1, 'l52jm1Sxw', 'anussgen8');
insert into `cinestar`.`usuario` (id, enabled, password, username) values (10, 1, 'hiqWWHM0G5I', 'yberrecloth9');
insert into `cinestar`.`usuario` (id, enabled, password, username) values (11, 1, 'MYY1FIKXs7Ey', 'rfreeburya');
insert into `cinestar`.`usuario` (id, enabled, password, username) values (12, 1, 'tI9O0iVY57v', 'aallflattb');
insert into `cinestar`.`usuario` (id, enabled, password, username) values (13, 1, 'AsBk92RC', 'rcescotic');
insert into `cinestar`.`usuario` (id, enabled, password, username) values (14, 1, 'QhzpScPl7c', 'wcohaned');
insert into `cinestar`.`usuario` (id, enabled, password, username) values (15, 1, 'iI23LCCmv4We', 'bohonee');
insert into `cinestar`.`usuario` (id, enabled, password, username) values (16, 1, 'cIMK7YM', 'dcoolingf');
insert into `cinestar`.`usuario` (id, enabled, password, username) values (17, 1, 'IBeMUBface', 'lfosteng');
insert into `cinestar`.`usuario` (id, enabled, password, username) values (18, 1, 'LDmwoa2lC', 'aperseh');
insert into `cinestar`.`usuario` (id, enabled, password, username) values (19, 1, 'LdPUYkfVNr4X', 'bfeildeni');
insert into `cinestar`.`usuario` (id, enabled, password, username) values (20, 1, 'BVx28pDbmyL', 'rfilipj');
insert into `cinestar`.`usuario` (id, enabled, password, username) values (21, 1, 'LY8LLZFzJud', 'dpurveyk');
insert into `cinestar`.`usuario` (id, enabled, password, username) values (22, 1, 'h2o1iVU', 'cboldersonl');
insert into `cinestar`.`usuario` (id, enabled, password, username) values (23, 1, 'qaPev1NE4r', 'sendm');
insert into `cinestar`.`usuario` (id, enabled, password, username) values (24, 1, '9QhZO1yCdT', 'spainn');
insert into `cinestar`.`usuario` (id, enabled, password, username) values (25, 1, 'SPyJFg', 'mglasheeno');
insert into `cinestar`.`usuario` (id, enabled, password, username) values (26, 1, 'ZYduVCP2', 'fcumminsp');
insert into `cinestar`.`usuario` (id, enabled, password, username) values (27, 1, 'LjSUkh', 'fnillesq');
insert into `cinestar`.`usuario` (id, enabled, password, username) values (28, 1, 'xO1BoEw9vgZj', 'eslimanr');
insert into `cinestar`.`usuario` (id, enabled, password, username) values (29, 1, 'yU4ZD6', 'apayles');
insert into `cinestar`.`usuario` (id, enabled, password, username) values (30, 1, 'VJ116TmCdz', 'cbeeret');

